"sku","title","brand","category","short","description","cost","costCurrency","isActive","isFeatured","images","specs","prices","files"
"242308","CARAVANA BINOMIO FDX OFICIAL SENASA","Allflex","IDENTIFICACION","Caravana electrónica oficial SENASA","CARAVANA BINOMIO FDX OFICIAL SENASA. Allflex FDX-B: caravana electrónica oficial aprobada por SENASA para trazabilidad bovina en Argentina. Pensada para identificación confiable y operación diaria en campo, compatible con procesos de lectura RFID y gestión de datos. Código/SKU: 242308.","1.43","USD","true","true","[{""url"":""https://res.cloudinary.com/dqcb3hmi3/image/upload/v1785351649/ifedel/products/242308/dd9sfogmsfygvh4mq58b.png"",""isPrimary"":true,""sortOrder"":0}]","[{""label"":""Código"",""value"":""242308"",""sortOrder"":1},{""label"":""Marca"",""value"":""Allflex"",""sortOrder"":2},{""label"":""Categoría"",""value"":""IDENTIFICACION"",""sortOrder"":3},{""label"":""Tipo"",""value"":""FDX-B"",""sortOrder"":4},{""label"":""Oficial SENASA"",""value"":""Sí"",""sortOrder"":5}]","[{""priceList"":""minorista"",""currency"":""USD"",""netPrice"":1.6,""taxRate"":10.5}]","[]"
"242309","CARAVANA BINOMIO HDX OFICIAL SENASA","Allflex","IDENTIFICACION","Caravana electrónica oficial SENASA","CARAVANA BINOMIO HDX OFICIAL SENASA. Allflex HDX: caravana electrónica oficial aprobada por SENASA para trazabilidad bovina en Argentina. Pensada para identificación confiable y operación diaria en campo, compatible con procesos de lectura RFID y gestión de datos. Código/SKU: 242309.","1.52","USD","true","true","[{""url"":""https://res.cloudinary.com/dqcb3hmi3/image/upload/v1785351679/ifedel/products/242309/jiionllurgueduojcjje.png"",""isPrimary"":true,""sortOrder"":0}]","[{""label"":""Código"",""value"":""242309"",""sortOrder"":1},{""label"":""Marca"",""value"":""Allflex"",""sortOrder"":2},{""label"":""Categoría"",""value"":""IDENTIFICACION"",""sortOrder"":3},{""label"":""Tipo"",""value"":""HDX"",""sortOrder"":4},{""label"":""Oficial SENASA"",""value"":""Sí"",""sortOrder"":5}]","[{""priceList"":""minorista"",""currency"":""USD"",""netPrice"":1.68,""taxRate"":10.5}]","[]"
"2M1890","Batería de Repuesto TW (7,2v 7800MAH LION 8WAY)","GALLAGHER","Repuestos Gallagher","Batería de repuesto Li-Ion 7,2V 7800mAh para balanzas Gallagher TW","Batería de repuesto original Gallagher para los indicadores de pesaje de la línea TW. Tecnología Li-Ion de 7,2V y 7800mAh con configuración de 8 vías (8WAY), pensada para reemplazar la batería original cuando pierde autonomía o llega al fin de su vida útil, garantizando el funcionamiento continuo del equipo en el campo. Código/SKU: 2M1890.","298.03","USD","true","false","[]","[{""label"":""Código"",""value"":""2M1890"",""sortOrder"":1},{""label"":""Marca"",""value"":""Gallagher"",""sortOrder"":2},{""label"":""Categoría"",""value"":""Repuestos Gallagher"",""sortOrder"":3},{""label"":""Voltaje"",""value"":""7,2V"",""sortOrder"":4},{""label"":""Capacidad"",""value"":""7800mAh"",""sortOrder"":5},{""label"":""Tecnología"",""value"":""Li-Ion 8WAY"",""sortOrder"":6},{""label"":""Compatibilidad"",""value"":""Balanzas serie TW"",""sortOrder"":7}]","[{""priceList"":""minorista"",""currency"":""USD"",""netPrice"":372.53,""taxRate"":21}]","[]"
"2M1944","Batería de Repuesto HR (BATERÍA 9,6 v - 2 amp 5 w)","GALLAGHER","Repuestos Gallagher","Batería de repuesto 9,6V para lectores Gallagher HR4/HR5","Batería de repuesto original Gallagher para los lectores portátiles de caravanas electrónicas serie HR (HR4, HR5). Especificaciones: 9,6V, 2 Amp, 5W. Permite reemplazar la batería original del bastón lector cuando pierde autonomía o llega al fin de su vida útil. Se recomienda que el reemplazo sea realizado por un servicio técnico autorizado Gallagher para no afectar la garantía del equipo. Código/SKU: 2M1944.","103.28","USD","true","false","[]","[{""label"":""Código"",""value"":""2M1944"",""sortOrder"":1},{""label"":""Marca"",""value"":""Gallagher"",""sortOrder"":2},{""label"":""Categoría"",""value"":""Repuestos Gallagher"",""sortOrder"":3},{""label"":""Voltaje"",""value"":""9,6V"",""sortOrder"":4},{""label"":""Corriente"",""value"":""2 Amp"",""sortOrder"":5},{""label"":""Potencia"",""value"":""5W"",""sortOrder"":6},{""label"":""Compatibilidad"",""value"":""Lectores serie HR4/HR5"",""sortOrder"":7}]","[{""priceList"":""minorista"",""currency"":""USD"",""netPrice"":134.27,""taxRate"":21}]","[]"
"2N9647","Gallagher aislador S esquinero negro Caja x 500","GALLAGHER","Electrificación Accesorios","Accesorio para cerco eléctrico Gallagher","Gallagher aislador S esquinero negro Caja x 500. Accesorio para cerco eléctrico diseñado para una instalación prolija y durable. Contribuye a la correcta conducción, sujeción o conexión según el componente, manteniendo la eficiencia del sistema. Código/SKU: 2N9647.","274.77","USD","true","false","[{""url"":""https://res.cloudinary.com/dqcb3hmi3/image/upload/v1785423018/ifedel/products/2N9647/wxikauwyjrnhm7r6hhsv.jpg"",""isPrimary"":true,""sortOrder"":0}]","[{""label"":""Código"",""value"":""2N9647"",""sortOrder"":1},{""label"":""Marca"",""value"":""Gallagher"",""sortOrder"":2},{""label"":""Modelo"",""value"":""500"",""sortOrder"":3},{""label"":""Categoría"",""value"":""Electrificación Accesorios"",""sortOrder"":4}]","[{""priceList"":""minorista"",""currency"":""USD"",""netPrice"":357.19,""taxRate"":21}]","[]"
"660019","Celda de suspensión para conversión (b. mecánica)","Tmc.Agro","Pesaje e IDE","Equipo de pesaje Tmc.Agro para manejo ganadero","Celda de suspensión para conversión (b. mecánica). Solución de pesaje y/o identificación electrónica orientada a manejo ganadero. Pensada para uso intensivo en campo, facilita el control de peso y la toma de decisiones operativas (manejo, recría, engorde). Código/SKU: 660019.","128.38","USD","true","false","[{""url"":""https://res.cloudinary.com/dqcb3hmi3/image/upload/v1772566259/ifedel/products/660019/hvfon6mxvxdzwcd0p4p8.jpg"",""isPrimary"":true,""sortOrder"":0},{""url"":""https://res.cloudinary.com/dqcb3hmi3/image/upload/v1772566266/ifedel/products/660019/q4bjdeeogsetgitbdgwh.jpg"",""isPrimary"":false,""sortOrder"":1}]","[{""label"":""Código"",""value"":""660019"",""sortOrder"":1},{""label"":""Marca"",""value"":""Tmc.Agro"",""sortOrder"":2},{""label"":""Categoría"",""value"":""Pesaje e IDE"",""sortOrder"":3}]","[{""priceList"":""minorista"",""currency"":""USD"",""netPrice"":166.89,""taxRate"":21}]","[]"
"706-500.30","Cabezal Peladora C12 - Peines 21/23","HEINIGER","Repuestos Heiniger","Cabezal peladora C12 con peines 21/23","Cabezal de repuesto Heiniger para la peladora C12, incluye juego de peines 21/23, listo para instalar. Código/SKU: 706-500.30.","217.25","USD","true","false","[{""url"":""https://res.cloudinary.com/dqcb3hmi3/image/upload/v1785431378/ifedel/products/706-500.30/it3jrrmt46xff8ppkfhe.jpg"",""isPrimary"":true,""sortOrder"":0}]","[{""label"":""Código"",""value"":""706-500.30"",""sortOrder"":1},{""label"":""Marca"",""value"":""Heiniger"",""sortOrder"":2},{""label"":""Categoría"",""value"":""Repuestos Heiniger"",""sortOrder"":3},{""label"":""Compatibilidad"",""value"":""Peladora C12"",""sortOrder"":4},{""label"":""Juego de peines incluido"",""value"":""21/23"",""sortOrder"":5}]","[{""priceList"":""minorista"",""currency"":""USD"",""netPrice"":282.43,""taxRate"":21}]","[]"
"707-200","Style Midi Trimmer","HEINIGER","Peladoras y Esquiladoras","Style Midi Trimmer","Recortadora (trimmer) Heiniger Style Midi, para retoques y detalles de precisión en el acicalado de animales de exposición. Código/SKU: 707-200.","266.63","USD","true","false","[{""url"":""https://res.cloudinary.com/dqcb3hmi3/image/upload/v1785431181/ifedel/products/707-200/k3hgiv30ovduvm8rzs2g.jpg"",""isPrimary"":true,""sortOrder"":0},{""url"":""https://res.cloudinary.com/dqcb3hmi3/image/upload/v1785431184/ifedel/products/707-200/b5g9ou9ubtx9mbkr7zqe.jpg"",""isPrimary"":false,""sortOrder"":1},{""url"":""https://res.cloudinary.com/dqcb3hmi3/image/upload/v1785431187/ifedel/products/707-200/pzcigycw7otbvlt7luu6.jpg"",""isPrimary"":false,""sortOrder"":2}]","[{""label"":""Código"",""value"":""707-200"",""sortOrder"":1},{""label"":""Marca"",""value"":""Heiniger"",""sortOrder"":2},{""label"":""Categoría"",""value"":""Peladoras y Esquiladoras"",""sortOrder"":3},{""label"":""Tipo"",""value"":""Recortadora / trimmer"",""sortOrder"":4}]","[{""priceList"":""minorista"",""currency"":""USD"",""netPrice"":346.61,""taxRate"":10.5}]","[]"
"707-280.A","Style Mini Trimmer","HEINIGER","Peladoras y Esquiladoras","Style Mini Trimmer","Recortadora (trimmer) Heiniger Style Mini, compacta y liviana, para retoques y detalles de precisión en el acicalado de animales de exposición. Código/SKU: 707-280.A.","192.56","USD","true","false","[{""url"":""https://res.cloudinary.com/dqcb3hmi3/image/upload/v1785431221/ifedel/products/707-280.A/l2vidb3lamjircdzxxtc.jpg"",""isPrimary"":true,""sortOrder"":0},{""url"":""https://res.cloudinary.com/dqcb3hmi3/image/upload/v1785431224/ifedel/products/707-280.A/clzvnovmbku5f2lksg2l.jpg"",""isPrimary"":false,""sortOrder"":1},{""url"":""https://res.cloudinary.com/dqcb3hmi3/image/upload/v1785431228/ifedel/products/707-280.A/a4xrj7672gcnmgwdqy9e.jpg"",""isPrimary"":false,""sortOrder"":2}]","[{""label"":""Código"",""value"":""707-280.A"",""sortOrder"":1},{""label"":""Marca"",""value"":""Heiniger"",""sortOrder"":2},{""label"":""Categoría"",""value"":""Peladoras y Esquiladoras"",""sortOrder"":3},{""label"":""Tipo"",""value"":""Recortadora / trimmer"",""sortOrder"":4}]","[{""priceList"":""minorista"",""currency"":""USD"",""netPrice"":250.33,""taxRate"":10.5}]","[]"
"707-308.70A1","Saphir Basic Peine #10 (sin maletín y 1 batería)","HEINIGER","Peladoras y Esquiladoras","Saphir Basic peine #10 (sin maletín, 1 batería)","Peladora Heiniger Saphir Basic, inalámbrica con batería Li-Ion, versión económica de la línea Saphir para pelado de mascotas y animales pequeños. Incluye peine #10 y 1 batería, sin maletín. Código/SKU: 707-308.70A1.","350.56","USD","true","false","[{""url"":""https://res.cloudinary.com/dqcb3hmi3/image/upload/v1785430743/ifedel/products/707-308.70A1/hkhrvezrq7nnyukbi9oy.jpg"",""isPrimary"":true,""sortOrder"":0},{""url"":""https://res.cloudinary.com/dqcb3hmi3/image/upload/v1785430747/ifedel/products/707-308.70A1/cmqbmes4pwcsslhzffci.jpg"",""isPrimary"":false,""sortOrder"":1},{""url"":""https://res.cloudinary.com/dqcb3hmi3/image/upload/v1785430751/ifedel/products/707-308.70A1/plnhhw4jpuvdpifwvv4k.jpg"",""isPrimary"":false,""sortOrder"":2}]","[{""label"":""Código"",""value"":""707-308.70A1"",""sortOrder"":1},{""label"":""Marca"",""value"":""Heiniger"",""sortOrder"":2},{""label"":""Categoría"",""value"":""Peladoras y Esquiladoras"",""sortOrder"":3},{""label"":""Peine incluido"",""value"":""#10"",""sortOrder"":4},{""label"":""Baterías incluidas"",""value"":""1"",""sortOrder"":5},{""label"":""Maletín"",""value"":""No incluido"",""sortOrder"":6}]","[{""priceList"":""minorista"",""currency"":""USD"",""netPrice"":455.73,""taxRate"":10.5}]","[]"
"707-388.75","SAPHIR Horse Peine #10WF (maletín y 2 baterías)","HEINIGER","Peladoras y Esquiladoras","SAPHIR Horse peine #10WF (maletín y 2 baterías)","Peladora Heiniger Saphir versión Horse, inalámbrica con batería Li-Ion, orientada al pelado de caballos. Incluye peine #10WF, maletín y 2 baterías. Código/SKU: 707-388.75.","474","USD","true","false","[{""url"":""https://res.cloudinary.com/dqcb3hmi3/image/upload/v1785430875/ifedel/products/707-388.75/xbsaj4ap6wd3wezzsj04.jpg"",""isPrimary"":true,""sortOrder"":0},{""url"":""https://res.cloudinary.com/dqcb3hmi3/image/upload/v1785430879/ifedel/products/707-388.75/hywhyq53ezhqei8lsmhk.jpg"",""isPrimary"":false,""sortOrder"":1},{""url"":""https://res.cloudinary.com/dqcb3hmi3/image/upload/v1785430882/ifedel/products/707-388.75/dvbmvjefktgqprdfylu7.jpg"",""isPrimary"":false,""sortOrder"":2}]","[{""label"":""Código"",""value"":""707-388.75"",""sortOrder"":1},{""label"":""Marca"",""value"":""Heiniger"",""sortOrder"":2},{""label"":""Categoría"",""value"":""Peladoras y Esquiladoras"",""sortOrder"":3},{""label"":""Peine incluido"",""value"":""#10WF"",""sortOrder"":4},{""label"":""Baterías incluidas"",""value"":""2"",""sortOrder"":5},{""label"":""Maletín"",""value"":""Incluido"",""sortOrder"":6}]","[{""priceList"":""minorista"",""currency"":""USD"",""netPrice"":616.2,""taxRate"":10.5}]","[]"
"707-720.A","Adaptador SaphirCord con enchufe EU/GB/US","HEINIGER","Repuestos Heiniger","Adaptador SaphirCord con enchufe EU/GB/US","Adaptador de cable de red (SaphirCord) Heiniger para las peladoras Saphir, con enchufes intercambiables EU/GB/US, permitiendo el uso del equipo con distintos estándares de toma corriente. Código/SKU: 707-720.A.","74.06","USD","true","false","[{""url"":""https://res.cloudinary.com/dqcb3hmi3/image/upload/v1785431446/ifedel/products/707-720.A/mxtufel5rtexmjmu8t7z.jpg"",""isPrimary"":true,""sortOrder"":0}]","[{""label"":""Código"",""value"":""707-720.A"",""sortOrder"":1},{""label"":""Marca"",""value"":""Heiniger"",""sortOrder"":2},{""label"":""Categoría"",""value"":""Repuestos Heiniger"",""sortOrder"":3},{""label"":""Compatibilidad"",""value"":""Peladoras Saphir"",""sortOrder"":4},{""label"":""Enchufes"",""value"":""EU/GB/US"",""sortOrder"":5}]","[{""priceList"":""minorista"",""currency"":""USD"",""netPrice"":96.28,""taxRate"":21}]","[]"
"707-738.70","SAPHIR Pink Peine #10 (sin maletín y 2 baterías)","HEINIGER","Peladoras y Esquiladoras","SAPHIR Pink peine #10 (sin maletín, 2 baterías)","Peladora Heiniger Saphir edición Pink, inalámbrica con batería Li-Ion. Incluye peine #10 y 2 baterías, sin maletín. Código/SKU: 707-738.70.","454.25","USD","true","false","[{""url"":""https://res.cloudinary.com/dqcb3hmi3/image/upload/v1785430915/ifedel/products/707-738.70/bzztycy0xwdrclqb8d43.jpg"",""isPrimary"":true,""sortOrder"":0},{""url"":""https://res.cloudinary.com/dqcb3hmi3/image/upload/v1785430919/ifedel/products/707-738.70/byd8ajqqeegppw2a3qk8.jpg"",""isPrimary"":false,""sortOrder"":1},{""url"":""https://res.cloudinary.com/dqcb3hmi3/image/upload/v1785430922/ifedel/products/707-738.70/m1io1b0j7wut5619flzg.jpg"",""isPrimary"":false,""sortOrder"":2}]","[{""label"":""Código"",""value"":""707-738.70"",""sortOrder"":1},{""label"":""Marca"",""value"":""Heiniger"",""sortOrder"":2},{""label"":""Categoría"",""value"":""Peladoras y Esquiladoras"",""sortOrder"":3},{""label"":""Peine incluido"",""value"":""#10"",""sortOrder"":4},{""label"":""Baterías incluidas"",""value"":""2"",""sortOrder"":5},{""label"":""Maletín"",""value"":""No incluido"",""sortOrder"":6}]","[{""priceList"":""minorista"",""currency"":""USD"",""netPrice"":590.53,""taxRate"":10.5}]","[]"
"707-758.73K","SAPHIR Style Peine #40 (maletín y 2 baterías)","HEINIGER","Peladoras y Esquiladoras","SAPHIR Style peine #40 (maletín y 2 baterías)","Peladora Heiniger Saphir edición Style, inalámbrica con batería Li-Ion. Incluye peine #40 (fino), maletín y 2 baterías. Código/SKU: 707-758.73K.","474","USD","true","false","[{""url"":""https://res.cloudinary.com/dqcb3hmi3/image/upload/v1785430999/ifedel/products/707-758.73K/pvvck5h1thkxvodsioqb.jpg"",""isPrimary"":true,""sortOrder"":0},{""url"":""https://res.cloudinary.com/dqcb3hmi3/image/upload/v1785431003/ifedel/products/707-758.73K/j3xqvdzzzmu6ioenlg3z.jpg"",""isPrimary"":false,""sortOrder"":1},{""url"":""https://res.cloudinary.com/dqcb3hmi3/image/upload/v1785431006/ifedel/products/707-758.73K/qhlwz03rkazvw9sea16r.jpg"",""isPrimary"":false,""sortOrder"":2}]","[{""label"":""Código"",""value"":""707-758.73K"",""sortOrder"":1},{""label"":""Marca"",""value"":""Heiniger"",""sortOrder"":2},{""label"":""Categoría"",""value"":""Peladoras y Esquiladoras"",""sortOrder"":3},{""label"":""Peine incluido"",""value"":""#40"",""sortOrder"":4},{""label"":""Baterías incluidas"",""value"":""2"",""sortOrder"":5},{""label"":""Maletín"",""value"":""Incluido"",""sortOrder"":6}]","[{""priceList"":""minorista"",""currency"":""USD"",""netPrice"":616.2,""taxRate"":10.5}]","[]"
"707-771","Batería Li-Ion Saphir 7.4V / 1.6 Ah / 12Wh","HEINIGER","Repuestos Heiniger","Batería Li-Ion Saphir 7,4V / 1,6Ah / 12Wh","Batería de repuesto Li-Ion Heiniger para la peladora Saphir, de 7,4V, 1,6Ah y 12Wh de capacidad. Código/SKU: 707-771.","63.2","USD","true","false","[{""url"":""https://res.cloudinary.com/dqcb3hmi3/image/upload/v1785431472/ifedel/products/707-771/cnllc5dzexeqm1ye5lr4.jpg"",""isPrimary"":true,""sortOrder"":0}]","[{""label"":""Código"",""value"":""707-771"",""sortOrder"":1},{""label"":""Marca"",""value"":""Heiniger"",""sortOrder"":2},{""label"":""Categoría"",""value"":""Repuestos Heiniger"",""sortOrder"":3},{""label"":""Voltaje"",""value"":""7,4V"",""sortOrder"":4},{""label"":""Capacidad"",""value"":""1,6 Ah / 12 Wh"",""sortOrder"":5},{""label"":""Compatibilidad"",""value"":""Peladora Saphir"",""sortOrder"":6}]","[{""priceList"":""minorista"",""currency"":""USD"",""netPrice"":82.16,""taxRate"":21}]","[]"
"707-808.73","Saphir Peine #40 y 2 baterías","HEINIGER","Peladoras y Esquiladoras","Saphir peine #40 y 2 baterías","Peladora Heiniger Saphir, inalámbrica con batería Li-Ion, para pelado profesional de precisión. Incluye peine #40 (fino) y 2 baterías. Código/SKU: 707-808.73.","454.25","USD","true","false","[{""url"":""https://res.cloudinary.com/dqcb3hmi3/image/upload/v1785430799/ifedel/products/707-808.73/ekrunn4xypzyosbwthml.jpg"",""isPrimary"":true,""sortOrder"":0},{""url"":""https://res.cloudinary.com/dqcb3hmi3/image/upload/v1785430802/ifedel/products/707-808.73/eqheml1uxzlvl4mrinsa.jpg"",""isPrimary"":false,""sortOrder"":1},{""url"":""https://res.cloudinary.com/dqcb3hmi3/image/upload/v1785430806/ifedel/products/707-808.73/guqopxnd1pjuaobhb4hd.jpg"",""isPrimary"":false,""sortOrder"":2}]","[{""label"":""Código"",""value"":""707-808.73"",""sortOrder"":1},{""label"":""Marca"",""value"":""Heiniger"",""sortOrder"":2},{""label"":""Categoría"",""value"":""Peladoras y Esquiladoras"",""sortOrder"":3},{""label"":""Peine incluido"",""value"":""#40"",""sortOrder"":4},{""label"":""Baterías incluidas"",""value"":""2"",""sortOrder"":5}]","[{""priceList"":""minorista"",""currency"":""USD"",""netPrice"":590.53,""taxRate"":10.5}]","[]"
"707-808.XA3","SAPHIR sin peines (maletín y 3 baterías)","HEINIGER","Peladoras y Esquiladoras","SAPHIR sin peines (maletín y 3 baterías)","Peladora Heiniger Saphir, inalámbrica con batería Li-Ion, vendida sin peines para que el cliente seleccione el cabezal Snap-On A5 de su preferencia. Incluye maletín y 3 baterías. Código/SKU: 707-808.XA3.","474","USD","true","false","[{""url"":""https://res.cloudinary.com/dqcb3hmi3/image/upload/v1785430836/ifedel/products/707-808.XA3/augdh1qhnkcdwn2xtimx.jpg"",""isPrimary"":true,""sortOrder"":0},{""url"":""https://res.cloudinary.com/dqcb3hmi3/image/upload/v1785430839/ifedel/products/707-808.XA3/nso86zkc3hjb2zgls4ad.jpg"",""isPrimary"":false,""sortOrder"":1},{""url"":""https://res.cloudinary.com/dqcb3hmi3/image/upload/v1785430844/ifedel/products/707-808.XA3/hlc9xhnmdaw2on3wzhcf.jpg"",""isPrimary"":false,""sortOrder"":2}]","[{""label"":""Código"",""value"":""707-808.XA3"",""sortOrder"":1},{""label"":""Marca"",""value"":""Heiniger"",""sortOrder"":2},{""label"":""Categoría"",""value"":""Peladoras y Esquiladoras"",""sortOrder"":3},{""label"":""Peine incluido"",""value"":""No incluido"",""sortOrder"":4},{""label"":""Baterías incluidas"",""value"":""3"",""sortOrder"":5},{""label"":""Maletín"",""value"":""Incluido"",""sortOrder"":6}]","[{""priceList"":""minorista"",""currency"":""USD"",""netPrice"":616.2,""taxRate"":10.5}]","[]"
"707-822.A","Cargador SAPHIR (para maquina y batería)","HEINIGER","Repuestos Heiniger","Cargador SAPHIR (para máquina y batería)","Cargador de repuesto Heiniger para la peladora Saphir, compatible tanto con la máquina como con la batería por separado. Código/SKU: 707-822.A.","92.83","USD","true","false","[{""url"":""https://res.cloudinary.com/dqcb3hmi3/image/upload/v1785431514/ifedel/products/707-822.A/gmwallqmvjddgx2o1t6p.jpg"",""isPrimary"":true,""sortOrder"":0}]","[{""label"":""Código"",""value"":""707-822.A"",""sortOrder"":1},{""label"":""Marca"",""value"":""Heiniger"",""sortOrder"":2},{""label"":""Categoría"",""value"":""Repuestos Heiniger"",""sortOrder"":3},{""label"":""Compatibilidad"",""value"":""Peladora y batería Saphir"",""sortOrder"":4}]","[{""priceList"":""minorista"",""currency"":""USD"",""netPrice"":120.67,""taxRate"":21}]","[]"
"707-905.A","Snap On Cabezal A5 No. 50 / 0.2 mm vet","HEINIGER","Peines y cortantes","Snap On Cabezal A5 No. 50 0,2mm (veterinario)","Cabezal (peine/blade) Snap-On tipo A5 Heiniger, calibre No. 50 0,2mm (veterinario), de fijación rápida sin herramientas. Compatible con máquinas peladoras/esquiladoras de cabezal A5 estándar (Opal, Saphir y equivalentes). Código/SKU: 707-905.A.","46.41","USD","true","false","[{""url"":""https://res.cloudinary.com/dqcb3hmi3/image/upload/v1785427087/ifedel/products/707-905.A/ce7gzrovkekeo0ift2sb.jpg"",""isPrimary"":true,""sortOrder"":0}]","[{""label"":""Código"",""value"":""707-905.A"",""sortOrder"":1},{""label"":""Marca"",""value"":""Heiniger"",""sortOrder"":2},{""label"":""Categoría"",""value"":""Peines y cortantes"",""sortOrder"":3},{""label"":""Calibre"",""value"":""No. 50 0,2mm (veterinario)"",""sortOrder"":4},{""label"":""Tipo de fijación"",""value"":""Snap-On A5"",""sortOrder"":5}]","[{""priceList"":""minorista"",""currency"":""USD"",""netPrice"":60.34,""taxRate"":21}]","[]"
"707-910.A","Snap On Cabezal A5 No. 40 / 0.25 mm vet","HEINIGER","Peines y cortantes","Snap On Cabezal A5 No. 40 0,25mm (veterinario)","Cabezal (peine/blade) Snap-On tipo A5 Heiniger, calibre No. 40 0,25mm (veterinario), de fijación rápida sin herramientas. Compatible con máquinas peladoras/esquiladoras de cabezal A5 estándar (Opal, Saphir y equivalentes). Código/SKU: 707-910.A.","46.41","USD","true","false","[{""url"":""https://res.cloudinary.com/dqcb3hmi3/image/upload/v1785427114/ifedel/products/707-910.A/ithjpx97y0d1vd6dodiv.jpg"",""isPrimary"":true,""sortOrder"":0}]","[{""label"":""Código"",""value"":""707-910.A"",""sortOrder"":1},{""label"":""Marca"",""value"":""Heiniger"",""sortOrder"":2},{""label"":""Categoría"",""value"":""Peines y cortantes"",""sortOrder"":3},{""label"":""Calibre"",""value"":""No. 40 0,25mm (veterinario)"",""sortOrder"":4},{""label"":""Tipo de fijación"",""value"":""Snap-On A5"",""sortOrder"":5}]","[{""priceList"":""minorista"",""currency"":""USD"",""netPrice"":60.34,""taxRate"":21}]","[]"
"707-917.A","Snap On Cabezal A5 No. 30 / 0.5 mm","HEINIGER","Peines y cortantes","Snap On Cabezal A5 No. 30 0,5mm","Cabezal (peine/blade) Snap-On tipo A5 Heiniger, calibre No. 30 0,5mm, de fijación rápida sin herramientas. Compatible con máquinas peladoras/esquiladoras de cabezal A5 estándar (Opal, Saphir y equivalentes). Código/SKU: 707-917.A.","46.41","USD","true","false","[{""url"":""https://res.cloudinary.com/dqcb3hmi3/image/upload/v1785427138/ifedel/products/707-917.A/hjbsidm4jbzvpboiukd1.jpg"",""isPrimary"":true,""sortOrder"":0}]","[{""label"":""Código"",""value"":""707-917.A"",""sortOrder"":1},{""label"":""Marca"",""value"":""Heiniger"",""sortOrder"":2},{""label"":""Categoría"",""value"":""Peines y cortantes"",""sortOrder"":3},{""label"":""Calibre"",""value"":""No. 30 0,5mm"",""sortOrder"":4},{""label"":""Tipo de fijación"",""value"":""Snap-On A5"",""sortOrder"":5}]","[{""priceList"":""minorista"",""currency"":""USD"",""netPrice"":60.34,""taxRate"":21}]","[]"
"707-926.A","Snap On Cabezal A5 No. 15 / 1.2 mm","HEINIGER","Peines y cortantes","Snap On Cabezal A5 No. 15 1,2mm","Cabezal (peine/blade) Snap-On tipo A5 Heiniger, calibre No. 15 1,2mm, de fijación rápida sin herramientas. Compatible con máquinas peladoras/esquiladoras de cabezal A5 estándar (Opal, Saphir y equivalentes). Código/SKU: 707-926.A.","46.41","USD","true","false","[{""url"":""https://res.cloudinary.com/dqcb3hmi3/image/upload/v1785427163/ifedel/products/707-926.A/swxdg2t4yqc7grwnywpg.jpg"",""isPrimary"":true,""sortOrder"":0}]","[{""label"":""Código"",""value"":""707-926.A"",""sortOrder"":1},{""label"":""Marca"",""value"":""Heiniger"",""sortOrder"":2},{""label"":""Categoría"",""value"":""Peines y cortantes"",""sortOrder"":3},{""label"":""Calibre"",""value"":""No. 15 1,2mm"",""sortOrder"":4},{""label"":""Tipo de fijación"",""value"":""Snap-On A5"",""sortOrder"":5}]","[{""priceList"":""minorista"",""currency"":""USD"",""netPrice"":60.34,""taxRate"":21}]","[]"
"707-930.A","Snap On Cabezal A5 No. 10 / 1.5 mm","HEINIGER","Peines y cortantes","Snap On Cabezal A5 No. 10 1,5mm","Cabezal (peine/blade) Snap-On tipo A5 Heiniger, calibre No. 10 1,5mm, de fijación rápida sin herramientas. Compatible con máquinas peladoras/esquiladoras de cabezal A5 estándar (Opal, Saphir y equivalentes). Código/SKU: 707-930.A.","46.41","USD","true","false","[{""url"":""https://res.cloudinary.com/dqcb3hmi3/image/upload/v1785427190/ifedel/products/707-930.A/coou6dn82qjfm1mbi3mq.jpg"",""isPrimary"":true,""sortOrder"":0}]","[{""label"":""Código"",""value"":""707-930.A"",""sortOrder"":1},{""label"":""Marca"",""value"":""Heiniger"",""sortOrder"":2},{""label"":""Categoría"",""value"":""Peines y cortantes"",""sortOrder"":3},{""label"":""Calibre"",""value"":""No. 10 1,5mm"",""sortOrder"":4},{""label"":""Tipo de fijación"",""value"":""Snap-On A5"",""sortOrder"":5}]","[{""priceList"":""minorista"",""currency"":""USD"",""netPrice"":60.34,""taxRate"":21}]","[]"
"707-933.A","Snap On Cabezal A5 No. 9 / 2.0 mm","HEINIGER","Peines y cortantes","Snap On Cabezal A5 No. 9 2,0mm","Cabezal (peine/blade) Snap-On tipo A5 Heiniger, calibre No. 9 2,0mm, de fijación rápida sin herramientas. Compatible con máquinas peladoras/esquiladoras de cabezal A5 estándar (Opal, Saphir y equivalentes). Código/SKU: 707-933.A.","50.36","USD","true","false","[{""url"":""https://res.cloudinary.com/dqcb3hmi3/image/upload/v1785427238/ifedel/products/707-933.A/mvacobwzbuazbhjzlvns.jpg"",""isPrimary"":true,""sortOrder"":0}]","[{""label"":""Código"",""value"":""707-933.A"",""sortOrder"":1},{""label"":""Marca"",""value"":""Heiniger"",""sortOrder"":2},{""label"":""Categoría"",""value"":""Peines y cortantes"",""sortOrder"":3},{""label"":""Calibre"",""value"":""No. 9 2,0mm"",""sortOrder"":4},{""label"":""Tipo de fijación"",""value"":""Snap-On A5"",""sortOrder"":5}]","[{""priceList"":""minorista"",""currency"":""USD"",""netPrice"":65.47,""taxRate"":21}]","[]"
"707-941.A","Snap On Cabezal A5 No. 8.5 / 2.8 mm","HEINIGER","Peines y cortantes","Snap On Cabezal A5 No. 8.5 2,8mm","Cabezal (peine/blade) Snap-On tipo A5 Heiniger, calibre No. 8.5 2,8mm, de fijación rápida sin herramientas. Compatible con máquinas peladoras/esquiladoras de cabezal A5 estándar (Opal, Saphir y equivalentes). Código/SKU: 707-941.A.","50.36","USD","true","false","[{""url"":""https://res.cloudinary.com/dqcb3hmi3/image/upload/v1785427269/ifedel/products/707-941.A/lsld36pl9rcss1sufcuh.jpg"",""isPrimary"":true,""sortOrder"":0}]","[{""label"":""Código"",""value"":""707-941.A"",""sortOrder"":1},{""label"":""Marca"",""value"":""Heiniger"",""sortOrder"":2},{""label"":""Categoría"",""value"":""Peines y cortantes"",""sortOrder"":3},{""label"":""Calibre"",""value"":""No. 8.5 2,8mm"",""sortOrder"":4},{""label"":""Tipo de fijación"",""value"":""Snap-On A5"",""sortOrder"":5}]","[{""priceList"":""minorista"",""currency"":""USD"",""netPrice"":65.47,""taxRate"":21}]","[]"
"707-943.A","Snap On Cabezal A5 No. 7 / 3.2 mm","HEINIGER","Peines y cortantes","Snap On Cabezal A5 No. 7 3,2mm","Cabezal (peine/blade) Snap-On tipo A5 Heiniger, calibre No. 7 3,2mm, de fijación rápida sin herramientas. Compatible con máquinas peladoras/esquiladoras de cabezal A5 estándar (Opal, Saphir y equivalentes). Código/SKU: 707-943.A.","50.36","USD","true","false","[{""url"":""https://res.cloudinary.com/dqcb3hmi3/image/upload/v1785427295/ifedel/products/707-943.A/ufmlucarzlgewuqaparh.jpg"",""isPrimary"":true,""sortOrder"":0}]","[{""label"":""Código"",""value"":""707-943.A"",""sortOrder"":1},{""label"":""Marca"",""value"":""Heiniger"",""sortOrder"":2},{""label"":""Categoría"",""value"":""Peines y cortantes"",""sortOrder"":3},{""label"":""Calibre"",""value"":""No. 7 3,2mm"",""sortOrder"":4},{""label"":""Tipo de fijación"",""value"":""Snap-On A5"",""sortOrder"":5}]","[{""priceList"":""minorista"",""currency"":""USD"",""netPrice"":65.47,""taxRate"":21}]","[]"
"707-945.A","Snap On Cabezal A5 No. 7F / 3.2 mm","HEINIGER","Peines y cortantes","Snap On Cabezal A5 No. 7F 3,2mm","Cabezal (peine/blade) Snap-On tipo A5 Heiniger, calibre No. 7F 3,2mm, de fijación rápida sin herramientas. Compatible con máquinas peladoras/esquiladoras de cabezal A5 estándar (Opal, Saphir y equivalentes). Código/SKU: 707-945.A.","50.36","USD","true","false","[{""url"":""https://res.cloudinary.com/dqcb3hmi3/image/upload/v1785427322/ifedel/products/707-945.A/kjhcm3jg9vqsggiru6vk.jpg"",""isPrimary"":true,""sortOrder"":0}]","[{""label"":""Código"",""value"":""707-945.A"",""sortOrder"":1},{""label"":""Marca"",""value"":""Heiniger"",""sortOrder"":2},{""label"":""Categoría"",""value"":""Peines y cortantes"",""sortOrder"":3},{""label"":""Calibre"",""value"":""No. 7F 3,2mm"",""sortOrder"":4},{""label"":""Tipo de fijación"",""value"":""Snap-On A5"",""sortOrder"":5}]","[{""priceList"":""minorista"",""currency"":""USD"",""netPrice"":65.47,""taxRate"":21}]","[]"
"707-957.A","Snap On Cabezal A5 No. 5 / 6.3 mm","HEINIGER","Peines y cortantes","Snap On Cabezal A5 No. 5 6,3mm","Cabezal (peine/blade) Snap-On tipo A5 Heiniger, calibre No. 5 6,3mm, de fijación rápida sin herramientas. Compatible con máquinas peladoras/esquiladoras de cabezal A5 estándar (Opal, Saphir y equivalentes). Código/SKU: 707-957.A.","60.24","USD","true","false","[{""url"":""https://res.cloudinary.com/dqcb3hmi3/image/upload/v1785427348/ifedel/products/707-957.A/yrlkerdcxpyja2g84j8f.jpg"",""isPrimary"":true,""sortOrder"":0}]","[{""label"":""Código"",""value"":""707-957.A"",""sortOrder"":1},{""label"":""Marca"",""value"":""Heiniger"",""sortOrder"":2},{""label"":""Categoría"",""value"":""Peines y cortantes"",""sortOrder"":3},{""label"":""Calibre"",""value"":""No. 5 6,3mm"",""sortOrder"":4},{""label"":""Tipo de fijación"",""value"":""Snap-On A5"",""sortOrder"":5}]","[{""priceList"":""minorista"",""currency"":""USD"",""netPrice"":78.31,""taxRate"":21}]","[]"
"707-960.A","Snap On Cabezal A5 No. 5F / 6.3 mm","HEINIGER","Peines y cortantes","Snap On Cabezal A5 No. 5F 6,3mm","Cabezal (peine/blade) Snap-On tipo A5 Heiniger, calibre No. 5F 6,3mm, de fijación rápida sin herramientas. Compatible con máquinas peladoras/esquiladoras de cabezal A5 estándar (Opal, Saphir y equivalentes). Código/SKU: 707-960.A.","60.24","USD","true","false","[{""url"":""https://res.cloudinary.com/dqcb3hmi3/image/upload/v1785427380/ifedel/products/707-960.A/y0l0khkqxktsfmobrcdy.png"",""isPrimary"":true,""sortOrder"":0}]","[{""label"":""Código"",""value"":""707-960.A"",""sortOrder"":1},{""label"":""Marca"",""value"":""Heiniger"",""sortOrder"":2},{""label"":""Categoría"",""value"":""Peines y cortantes"",""sortOrder"":3},{""label"":""Calibre"",""value"":""No. 5F 6,3mm"",""sortOrder"":4},{""label"":""Tipo de fijación"",""value"":""Snap-On A5"",""sortOrder"":5}]","[{""priceList"":""minorista"",""currency"":""USD"",""netPrice"":78.31,""taxRate"":21}]","[]"
"707-964.A","Snap On Cabezal A5 No. 4 / 9.5 mm","HEINIGER","Peines y cortantes","Snap On Cabezal A5 No. 4 9,5mm","Cabezal (peine/blade) Snap-On tipo A5 Heiniger, calibre No. 4 9,5mm, de fijación rápida sin herramientas. Compatible con máquinas peladoras/esquiladoras de cabezal A5 estándar (Opal, Saphir y equivalentes). Código/SKU: 707-964.A.","67.15","USD","true","false","[{""url"":""https://res.cloudinary.com/dqcb3hmi3/image/upload/v1785427427/ifedel/products/707-964.A/sjsagxbqskwlhsppkwm2.jpg"",""isPrimary"":true,""sortOrder"":0}]","[{""label"":""Código"",""value"":""707-964.A"",""sortOrder"":1},{""label"":""Marca"",""value"":""Heiniger"",""sortOrder"":2},{""label"":""Categoría"",""value"":""Peines y cortantes"",""sortOrder"":3},{""label"":""Calibre"",""value"":""No. 4 9,5mm"",""sortOrder"":4},{""label"":""Tipo de fijación"",""value"":""Snap-On A5"",""sortOrder"":5}]","[{""priceList"":""minorista"",""currency"":""USD"",""netPrice"":87.3,""taxRate"":21}]","[]"
"707-966.A","Snap On Cabezal A5 No. 4F / 9.5 mm","HEINIGER","Peines y cortantes","Snap On Cabezal A5 No. 4F 9,5mm","Cabezal (peine/blade) Snap-On tipo A5 Heiniger, calibre No. 4F 9,5mm, de fijación rápida sin herramientas. Compatible con máquinas peladoras/esquiladoras de cabezal A5 estándar (Opal, Saphir y equivalentes). Código/SKU: 707-966.A.","67.15","USD","true","false","[{""url"":""https://res.cloudinary.com/dqcb3hmi3/image/upload/v1785427475/ifedel/products/707-966.A/ggfmf6xngnwpyeq9q7ay.jpg"",""isPrimary"":true,""sortOrder"":0}]","[{""label"":""Código"",""value"":""707-966.A"",""sortOrder"":1},{""label"":""Marca"",""value"":""Heiniger"",""sortOrder"":2},{""label"":""Categoría"",""value"":""Peines y cortantes"",""sortOrder"":3},{""label"":""Calibre"",""value"":""No. 4F 9,5mm"",""sortOrder"":4},{""label"":""Tipo de fijación"",""value"":""Snap-On A5"",""sortOrder"":5}]","[{""priceList"":""minorista"",""currency"":""USD"",""netPrice"":87.3,""taxRate"":21}]","[]"
"707-971.A","Snap On Cabezal A5 BB+  2.5mm","HEINIGER","Peines y cortantes","Snap On Cabezal A5 BB+ 2,5mm","Cabezal (peine/blade) Snap-On tipo A5 Heiniger, calibre BB+ 2,5mm, de fijación rápida sin herramientas. Compatible con máquinas peladoras/esquiladoras de cabezal A5 estándar (Opal, Saphir y equivalentes). Código/SKU: 707-971.A.","64.19","USD","true","false","[{""url"":""https://res.cloudinary.com/dqcb3hmi3/image/upload/v1785427055/ifedel/products/707-971.A/tz5dleeifyfafocgw4ac.jpg"",""isPrimary"":true,""sortOrder"":0}]","[{""label"":""Código"",""value"":""707-971.A"",""sortOrder"":1},{""label"":""Marca"",""value"":""Heiniger"",""sortOrder"":2},{""label"":""Categoría"",""value"":""Peines y cortantes"",""sortOrder"":3},{""label"":""Calibre"",""value"":""BB+ 2,5mm"",""sortOrder"":4},{""label"":""Tipo de fijación"",""value"":""Snap-On A5"",""sortOrder"":5}]","[{""priceList"":""minorista"",""currency"":""USD"",""netPrice"":83.44,""taxRate"":21}]","[]"
"707-973.A","Snap On Cabezal A5 No. 30W / 0.5 mm","HEINIGER","Peines y cortantes","Snap On Cabezal A5 No. 30W 0,5mm","Cabezal (peine/blade) Snap-On tipo A5 Heiniger, calibre No. 30W 0,5mm, de fijación rápida sin herramientas. Compatible con máquinas peladoras/esquiladoras de cabezal A5 estándar (Opal, Saphir y equivalentes). Código/SKU: 707-973.A.","64.19","USD","true","false","[]","[{""label"":""Código"",""value"":""707-973.A"",""sortOrder"":1},{""label"":""Marca"",""value"":""Heiniger"",""sortOrder"":2},{""label"":""Categoría"",""value"":""Peines y cortantes"",""sortOrder"":3},{""label"":""Calibre"",""value"":""No. 30W 0,5mm"",""sortOrder"":4},{""label"":""Tipo de fijación"",""value"":""Snap-On A5"",""sortOrder"":5}]","[{""priceList"":""minorista"",""currency"":""USD"",""netPrice"":83.44,""taxRate"":21}]","[]"
"707-974.A","Snap On Cabezal A5 No. 10W / 2.3 mm","HEINIGER","Peines y cortantes","Snap On Cabezal A5 No. 10W 2,3mm","Cabezal (peine/blade) Snap-On tipo A5 Heiniger, calibre No. 10W 2,3mm, de fijación rápida sin herramientas. Compatible con máquinas peladoras/esquiladoras de cabezal A5 estándar (Opal, Saphir y equivalentes). Código/SKU: 707-974.A.","66.31","USD","true","false","[]","[{""label"":""Código"",""value"":""707-974.A"",""sortOrder"":1},{""label"":""Marca"",""value"":""Heiniger"",""sortOrder"":2},{""label"":""Categoría"",""value"":""Peines y cortantes"",""sortOrder"":3},{""label"":""Calibre"",""value"":""No. 10W 2,3mm"",""sortOrder"":4},{""label"":""Tipo de fijación"",""value"":""Snap-On A5"",""sortOrder"":5}]","[{""priceList"":""minorista"",""currency"":""USD"",""netPrice"":86.2,""taxRate"":21}]","[]"
"708-520","Batería Li-Ion Xplorer 10.8V / 2.6 Ah / 28.1 Wh","HEINIGER","Repuestos Heiniger","Batería Li-Ion Xplorer 10,8V / 2,6Ah / 28,1Wh","Batería de repuesto Li-Ion Heiniger para las peladoras Xplorer y XplorerPro, de 10,8V, 2,6Ah y 28,1Wh de capacidad. Código/SKU: 708-520.","114.55","USD","true","false","[{""url"":""https://res.cloudinary.com/dqcb3hmi3/image/upload/v1785431549/ifedel/products/708-520/jzzxdfxt8mzpove2wiao.jpg"",""isPrimary"":true,""sortOrder"":0}]","[{""label"":""Código"",""value"":""708-520"",""sortOrder"":1},{""label"":""Marca"",""value"":""Heiniger"",""sortOrder"":2},{""label"":""Categoría"",""value"":""Repuestos Heiniger"",""sortOrder"":3},{""label"":""Voltaje"",""value"":""10,8V"",""sortOrder"":4},{""label"":""Capacidad"",""value"":""2,6 Ah / 28,1 Wh"",""sortOrder"":5},{""label"":""Compatibilidad"",""value"":""Peladoras Xplorer / XplorerPro"",""sortOrder"":6}]","[{""priceList"":""minorista"",""currency"":""USD"",""netPrice"":148.92,""taxRate"":21}]","[]"
"708-608.30A2","XplorerPro peladora ganado y caballo 21/23 juego de peines y 2 bats","HEINIGER","Peladoras y Esquiladoras","XplorerPro peladora a batería para ganado y caballo, peines 21/23, 2 baterías","Peladora Heiniger XplorerPro, versión superior de la línea Xplorer, inalámbrica con tecnología de batería Li-Ion, para el pelado y acicalado de ganado, caballos y animales de exposición. Incluye juego de peines 21/23 y 2 baterías. Código/SKU: 708-608.30A2.","888.75","USD","true","false","[{""url"":""https://res.cloudinary.com/dqcb3hmi3/image/upload/v1785430640/ifedel/products/708-608.30A2/njg9v6muxetejeufnnxd.jpg"",""isPrimary"":true,""sortOrder"":0},{""url"":""https://res.cloudinary.com/dqcb3hmi3/image/upload/v1785430643/ifedel/products/708-608.30A2/dnkgnv0cqrbbmdrbzm8y.jpg"",""isPrimary"":false,""sortOrder"":1},{""url"":""https://res.cloudinary.com/dqcb3hmi3/image/upload/v1785430647/ifedel/products/708-608.30A2/abbreuxxpiadugdisbwe.jpg"",""isPrimary"":false,""sortOrder"":2}]","[{""label"":""Código"",""value"":""708-608.30A2"",""sortOrder"":1},{""label"":""Marca"",""value"":""Heiniger"",""sortOrder"":2},{""label"":""Categoría"",""value"":""Peladoras y Esquiladoras"",""sortOrder"":3},{""label"":""Alimentación"",""value"":""Batería Li-Ion (inalámbrica)"",""sortOrder"":4},{""label"":""Juego de peines incluido"",""value"":""21/23"",""sortOrder"":5},{""label"":""Baterías incluidas"",""value"":""2"",""sortOrder"":6}]","[{""priceList"":""minorista"",""currency"":""USD"",""netPrice"":1155.38,""taxRate"":10.5}]","[]"
"709-008.70","OPAL No. 10 y 2 baterías (en caja)","HEINIGER","Peladoras y Esquiladoras","OPAL No. 10 y 2 baterías (en caja)","Peladora Heiniger Opal, inalámbrica con batería Li-Ion, línea premium de pelado de precisión. Incluye peine No. 10 y 2 baterías, presentada en caja. Código/SKU: 709-008.70.","543.13","USD","true","false","[{""url"":""https://res.cloudinary.com/dqcb3hmi3/image/upload/v1785431090/ifedel/products/709-008.70/ecxz3p0wycrelganshqe.jpg"",""isPrimary"":true,""sortOrder"":0},{""url"":""https://res.cloudinary.com/dqcb3hmi3/image/upload/v1785431094/ifedel/products/709-008.70/qfjuwl56zq2dpsaoj8vp.jpg"",""isPrimary"":false,""sortOrder"":1},{""url"":""https://res.cloudinary.com/dqcb3hmi3/image/upload/v1785431098/ifedel/products/709-008.70/j65iawksgye2lkdm5gva.jpg"",""isPrimary"":false,""sortOrder"":2}]","[{""label"":""Código"",""value"":""709-008.70"",""sortOrder"":1},{""label"":""Marca"",""value"":""Heiniger"",""sortOrder"":2},{""label"":""Categoría"",""value"":""Peladoras y Esquiladoras"",""sortOrder"":3},{""label"":""Peine incluido"",""value"":""No. 10"",""sortOrder"":4},{""label"":""Baterías incluidas"",""value"":""2"",""sortOrder"":5}]","[{""priceList"":""minorista"",""currency"":""USD"",""netPrice"":706.06,""taxRate"":10.5}]","[]"
"709-028.70","OPAL Edicion Especial No. 10 y 2 baterías (en caja)","HEINIGER","Peladoras y Esquiladoras","OPAL Edición Especial No. 10 y 2 baterías (en caja)","Peladora Heiniger Opal, Edición Especial, inalámbrica con batería Li-Ion. Incluye peine No. 10 y 2 baterías, presentada en caja. Código/SKU: 709-028.70.","553","USD","true","false","[{""url"":""https://res.cloudinary.com/dqcb3hmi3/image/upload/v1785431141/ifedel/products/709-028.70/vslfvk5vulpjjie5nixw.jpg"",""isPrimary"":true,""sortOrder"":0},{""url"":""https://res.cloudinary.com/dqcb3hmi3/image/upload/v1785431145/ifedel/products/709-028.70/cghazcmrbrxrovwp56lq.jpg"",""isPrimary"":false,""sortOrder"":1},{""url"":""https://res.cloudinary.com/dqcb3hmi3/image/upload/v1785431149/ifedel/products/709-028.70/uvi49ccrs9ritevkfmjo.jpg"",""isPrimary"":false,""sortOrder"":2}]","[{""label"":""Código"",""value"":""709-028.70"",""sortOrder"":1},{""label"":""Marca"",""value"":""Heiniger"",""sortOrder"":2},{""label"":""Categoría"",""value"":""Peladoras y Esquiladoras"",""sortOrder"":3},{""label"":""Peine incluido"",""value"":""No. 10"",""sortOrder"":4},{""label"":""Baterías incluidas"",""value"":""2"",""sortOrder"":5},{""label"":""Edición"",""value"":""Especial"",""sortOrder"":6}]","[{""priceList"":""minorista"",""currency"":""USD"",""netPrice"":718.9,""taxRate"":10.5}]","[]"
"709-028.75K","OPAL Xtend Peine BB+ y 2 baterías ","HEINIGER","Peladoras y Esquiladoras","OPAL Xtend peine BB+ y 2 baterías","Peladora Heiniger Opal Xtend, inalámbrica con batería Li-Ion, línea premium de pelado de precisión. Incluye peine BB+ y 2 baterías. Código/SKU: 709-028.75K.","543.13","USD","true","false","[{""url"":""https://res.cloudinary.com/dqcb3hmi3/image/upload/v1785431044/ifedel/products/709-028.75K/rbyorahtvtyjw1o2zcis.jpg"",""isPrimary"":true,""sortOrder"":0},{""url"":""https://res.cloudinary.com/dqcb3hmi3/image/upload/v1785431048/ifedel/products/709-028.75K/wspxmehmh6tppwlmpvty.jpg"",""isPrimary"":false,""sortOrder"":1}]","[{""label"":""Código"",""value"":""709-028.75K"",""sortOrder"":1},{""label"":""Marca"",""value"":""Heiniger"",""sortOrder"":2},{""label"":""Categoría"",""value"":""Peladoras y Esquiladoras"",""sortOrder"":3},{""label"":""Peine incluido"",""value"":""BB+"",""sortOrder"":4},{""label"":""Baterías incluidas"",""value"":""2"",""sortOrder"":5}]","[{""priceList"":""minorista"",""currency"":""USD"",""netPrice"":706.06,""taxRate"":10.5}]","[]"
"709-990","Set Alzas / Recalces Acero Inox Heiniger 9 piezas","HEINIGER","Peines y cortantes","Set de alzas/recalces de acero inoxidable Heiniger (9 piezas)","Set completo de 9 alzas (recalces) metálicas de acero inoxidable Heiniger, utilizadas para elevar la altura de corte de los cabezales Snap-On A5, cubriendo distintas medidas en un mismo estuche. Código/SKU: 709-990.","56.29","USD","true","false","[{""url"":""https://res.cloudinary.com/dqcb3hmi3/image/upload/v1785427511/ifedel/products/709-990/vvrhkgdkohoqgyfx5tph.jpg"",""isPrimary"":true,""sortOrder"":0},{""url"":""https://res.cloudinary.com/dqcb3hmi3/image/upload/v1785427515/ifedel/products/709-990/hjbfqxnvbrts2okply7t.jpg"",""isPrimary"":false,""sortOrder"":1}]","[{""label"":""Código"",""value"":""709-990"",""sortOrder"":1},{""label"":""Marca"",""value"":""Heiniger"",""sortOrder"":2},{""label"":""Categoría"",""value"":""Peines y cortantes"",""sortOrder"":3},{""label"":""Contenido"",""value"":""9 piezas"",""sortOrder"":4},{""label"":""Material"",""value"":""Acero inoxidable"",""sortOrder"":5}]","[{""priceList"":""minorista"",""currency"":""USD"",""netPrice"":73.17,""taxRate"":21}]","[]"
"709-993","Snap-on recalce en metal 3/8, 10mm","HEINIGER","Peines y cortantes","Alza/recalce metálico Snap-On 3/8"" (10mm)","Alza (recalce) metálica Snap-On Heiniger de 3/8"" (10mm), utilizada para elevar la altura de corte de los cabezales A5 en máquinas peladoras/esquiladoras. Código/SKU: 709-993.","9.88","USD","true","false","[{""url"":""https://res.cloudinary.com/dqcb3hmi3/image/upload/v1785427552/ifedel/products/709-993/vhyuadi2rfpegqbipybz.jpg"",""isPrimary"":true,""sortOrder"":0}]","[{""label"":""Código"",""value"":""709-993"",""sortOrder"":1},{""label"":""Marca"",""value"":""Heiniger"",""sortOrder"":2},{""label"":""Categoría"",""value"":""Peines y cortantes"",""sortOrder"":3},{""label"":""Medida"",""value"":""3/8\"" (10mm)"",""sortOrder"":4}]","[{""priceList"":""minorista"",""currency"":""USD"",""netPrice"":12.84,""taxRate"":21}]","[]"
"709-994","Snap-on recalces en metal 1/2, 13mm","HEINIGER","Peines y cortantes","Alza/recalce metálico Snap-On 1/2"" (13mm)","Alza (recalce) metálica Snap-On Heiniger de 1/2"" (13mm), utilizada para elevar la altura de corte de los cabezales A5 en máquinas peladoras/esquiladoras. Código/SKU: 709-994.","9.88","USD","true","false","[{""url"":""https://res.cloudinary.com/dqcb3hmi3/image/upload/v1785427580/ifedel/products/709-994/y4sjqjjzsjftg5sb3jfj.jpg"",""isPrimary"":true,""sortOrder"":0}]","[{""label"":""Código"",""value"":""709-994"",""sortOrder"":1},{""label"":""Marca"",""value"":""Heiniger"",""sortOrder"":2},{""label"":""Categoría"",""value"":""Peines y cortantes"",""sortOrder"":3},{""label"":""Medida"",""value"":""1/2\"" (13mm)"",""sortOrder"":4}]","[{""priceList"":""minorista"",""currency"":""USD"",""netPrice"":12.84,""taxRate"":21}]","[]"
"709-995","Snap-on recalce en metal 5/8, 16mm","HEINIGER","Peines y cortantes","Alza/recalce metálico Snap-On 5/8"" (16mm)","Alza (recalce) metálica Snap-On Heiniger de 5/8"" (16mm), utilizada para elevar la altura de corte de los cabezales A5 en máquinas peladoras/esquiladoras. Código/SKU: 709-995.","9.88","USD","true","false","[{""url"":""https://res.cloudinary.com/dqcb3hmi3/image/upload/v1785427628/ifedel/products/709-995/bpakmxw9d1mgf0ppex86.jpg"",""isPrimary"":true,""sortOrder"":0}]","[{""label"":""Código"",""value"":""709-995"",""sortOrder"":1},{""label"":""Marca"",""value"":""Heiniger"",""sortOrder"":2},{""label"":""Categoría"",""value"":""Peines y cortantes"",""sortOrder"":3},{""label"":""Medida"",""value"":""5/8\"" (16mm)"",""sortOrder"":4}]","[{""priceList"":""minorista"",""currency"":""USD"",""netPrice"":12.84,""taxRate"":21}]","[]"
"709-996","Snap-on recalce en metal 3/4, 19mm","HEINIGER","Peines y cortantes","Alza/recalce metálico Snap-On 3/4"" (19mm)","Alza (recalce) metálica Snap-On Heiniger de 3/4"" (19mm), utilizada para elevar la altura de corte de los cabezales A5 en máquinas peladoras/esquiladoras. Código/SKU: 709-996.","9.88","USD","true","false","[{""url"":""https://res.cloudinary.com/dqcb3hmi3/image/upload/v1785427775/ifedel/products/709-996/r6mnm3xv6q0ufdmycx0r.jpg"",""isPrimary"":true,""sortOrder"":0}]","[{""label"":""Código"",""value"":""709-996"",""sortOrder"":1},{""label"":""Marca"",""value"":""Heiniger"",""sortOrder"":2},{""label"":""Categoría"",""value"":""Peines y cortantes"",""sortOrder"":3},{""label"":""Medida"",""value"":""3/4\"" (19mm)"",""sortOrder"":4}]","[{""priceList"":""minorista"",""currency"":""USD"",""netPrice"":12.84,""taxRate"":21}]","[]"
"709-999","Snap-on recalce en metal 1 1/4, 32mm","HEINIGER","Peines y cortantes","Alza/recalce metálico Snap-On 1 1/4"" (32mm)","Alza (recalce) metálica Snap-On Heiniger de 1 1/4"" (32mm), utilizada para elevar la altura de corte de los cabezales A5 en máquinas peladoras/esquiladoras. Código/SKU: 709-999.","9.88","USD","true","false","[{""url"":""https://res.cloudinary.com/dqcb3hmi3/image/upload/v1785427850/ifedel/products/709-999/uqeqwx4njpxqnqbq9i8q.jpg"",""isPrimary"":true,""sortOrder"":0}]","[{""label"":""Código"",""value"":""709-999"",""sortOrder"":1},{""label"":""Marca"",""value"":""Heiniger"",""sortOrder"":2},{""label"":""Categoría"",""value"":""Peines y cortantes"",""sortOrder"":3},{""label"":""Medida"",""value"":""1 1/4\"" (32mm)"",""sortOrder"":4}]","[{""priceList"":""minorista"",""currency"":""USD"",""netPrice"":12.84,""taxRate"":21}]","[]"
"714-031.B","ProLegend peine esquila 92mm - Cabezal Esquiladora","HEINIGER","Peines y cortantes","ProLegend peine de esquila 92mm - Cabezal Esquiladora","Peine de esquila Heiniger ProLegend, de 92mm, para cabezal de esquiladora (compatible con cabezales de esquila tipo S12/Xtra y equivalentes de 3""). Código/SKU: 714-031.B.","29.63","USD","true","false","[{""url"":""https://res.cloudinary.com/dqcb3hmi3/image/upload/v1785427893/ifedel/products/714-031.B/uoogixzrrdvwckv8w67i.jpg"",""isPrimary"":true,""sortOrder"":0}]","[{""label"":""Código"",""value"":""714-031.B"",""sortOrder"":1},{""label"":""Marca"",""value"":""Heiniger"",""sortOrder"":2},{""label"":""Categoría"",""value"":""Peines y cortantes"",""sortOrder"":3},{""label"":""Ancho"",""value"":""92 mm"",""sortOrder"":4},{""label"":""Tipo"",""value"":""Peine para cabezal esquiladora"",""sortOrder"":5}]","[{""priceList"":""minorista"",""currency"":""USD"",""netPrice"":38.51,""taxRate"":21}]","[]"
"717-700.00","Cabezal Esquiladora S12/XTRA con Ovina/Edge","HEINIGER","Repuestos Heiniger","Cabezal esquiladora S12/Xtra con peines Ovina/Edge","Cabezal de repuesto Heiniger para las esquiladoras S12 y Xtra, incluye peine Ovina Premium y cuchilla Edge, listo para instalar. Código/SKU: 717-700.00.","217.25","USD","true","false","[]","[{""label"":""Código"",""value"":""717-700.00"",""sortOrder"":1},{""label"":""Marca"",""value"":""Heiniger"",""sortOrder"":2},{""label"":""Categoría"",""value"":""Repuestos Heiniger"",""sortOrder"":3},{""label"":""Compatibilidad"",""value"":""Esquiladoras S12 y Xtra"",""sortOrder"":4},{""label"":""Incluye"",""value"":""Peine Ovina Premium y cuchilla Edge"",""sortOrder"":5}]","[{""priceList"":""minorista"",""currency"":""USD"",""netPrice"":282.43,""taxRate"":21}]","[]"
"721-160.A","ICON Cyclone pin drive sin peines - Tijera de Esquilar","HEINIGER","Peladoras y Esquiladoras","ICON Cyclone pin drive sin peines - Tijera de Esquilar","Cabezal de esquila Heiniger ICON Cyclone, con accionamiento pin drive, de alto rendimiento, compatible con los sistemas de esquila profesional EVO y ONE. Se vende sin peines/cuchillas. Código/SKU: 721-160.A.","612.25","USD","true","false","[{""url"":""https://res.cloudinary.com/dqcb3hmi3/image/upload/v1785431258/ifedel/products/721-160.A/nlmg9ekzglfka6b1hver.jpg"",""isPrimary"":true,""sortOrder"":0}]","[{""label"":""Código"",""value"":""721-160.A"",""sortOrder"":1},{""label"":""Marca"",""value"":""Heiniger"",""sortOrder"":2},{""label"":""Categoría"",""value"":""Peladoras y Esquiladoras"",""sortOrder"":3},{""label"":""Accionamiento"",""value"":""Pin drive"",""sortOrder"":4},{""label"":""Compatibilidad"",""value"":""Sistemas EVO y ONE"",""sortOrder"":5},{""label"":""Peines"",""value"":""No incluidos"",""sortOrder"":6}]","[{""priceList"":""minorista"",""currency"":""USD"",""netPrice"":795.93,""taxRate"":21}]","[]"
"721-262.A","ICON SFX pin drive sin peines - Tijera de Esquilar","HEINIGER","Peladoras y Esquiladoras","ICON SFX pin drive sin peines - Tijera de Esquilar","Cabezal de esquila Heiniger ICON SFX, con accionamiento pin drive, de alto rendimiento, compatible con los sistemas de esquila profesional EVO y ONE. Se vende sin peines/cuchillas. Código/SKU: 721-262.A.","641.88","USD","true","false","[{""url"":""https://res.cloudinary.com/dqcb3hmi3/image/upload/v1785431285/ifedel/products/721-262.A/tko7ictxchq26r53kb75.jpg"",""isPrimary"":true,""sortOrder"":0},{""url"":""https://res.cloudinary.com/dqcb3hmi3/image/upload/v1785431289/ifedel/products/721-262.A/i1bvlb96hmqcnleyq666.jpg"",""isPrimary"":false,""sortOrder"":1}]","[{""label"":""Código"",""value"":""721-262.A"",""sortOrder"":1},{""label"":""Marca"",""value"":""Heiniger"",""sortOrder"":2},{""label"":""Categoría"",""value"":""Peladoras y Esquiladoras"",""sortOrder"":3},{""label"":""Accionamiento"",""value"":""Pin drive"",""sortOrder"":4},{""label"":""Compatibilidad"",""value"":""Sistemas EVO y ONE"",""sortOrder"":5},{""label"":""Peines"",""value"":""No incluidos"",""sortOrder"":6}]","[{""priceList"":""minorista"",""currency"":""USD"",""netPrice"":834.44,""taxRate"":21}]","[]"
"722-224","Ferrule Flexible shaft FD Ø22x160mm","HEINIGER","Peladoras y Esquiladoras","Ferrule eje flexible FD Ø22x160mm","Ferrule (terminal) para eje flexible Heiniger FD, de 22mm de diámetro y 160mm de largo, repuesto para los sistemas de esquila con eje flexible ONE/EVO. Nota: en el LDP este ítem figura con costo y precio en $0, por lo que conviene confirmar el valor vigente antes de publicarlo. Código/SKU: 722-224.","0.01","USD","true","false","[]","[{""label"":""Código"",""value"":""722-224"",""sortOrder"":1},{""label"":""Marca"",""value"":""Heiniger"",""sortOrder"":2},{""label"":""Categoría"",""value"":""Peladoras y Esquiladoras"",""sortOrder"":3},{""label"":""Diámetro"",""value"":""22 mm"",""sortOrder"":4},{""label"":""Longitud"",""value"":""160 mm"",""sortOrder"":5}]","[{""priceList"":""minorista"",""currency"":""USD"",""netPrice"":0.01,""taxRate"":21}]","[]"
"722-661","Flexible FD200 para ONE/EVO 200cm pin","HEINIGER","Peladoras y Esquiladoras","Eje flexible FD200 para ONE/EVO (200cm, pin)","Eje flexible Heiniger FD200, de 200cm, con conexión pin, utilizado para transmitir el movimiento del motor al cabezal de esquila en los sistemas ONE y EVO. Código/SKU: 722-661.","444.38","USD","true","false","[]","[{""label"":""Código"",""value"":""722-661"",""sortOrder"":1},{""label"":""Marca"",""value"":""Heiniger"",""sortOrder"":2},{""label"":""Categoría"",""value"":""Peladoras y Esquiladoras"",""sortOrder"":3},{""label"":""Longitud"",""value"":""200 cm"",""sortOrder"":4},{""label"":""Conexión"",""value"":""Pin"",""sortOrder"":5},{""label"":""Compatibilidad"",""value"":""Sistemas ONE y EVO"",""sortOrder"":6}]","[{""priceList"":""minorista"",""currency"":""USD"",""netPrice"":577.69,""taxRate"":21}]","[]"
"722-710.M","EVO 230V/300W Motor","HEINIGER","Peladoras y Esquiladoras","EVO motor 230V/300W","Motor Heiniger EVO, alimentado por red eléctrica 230V/300W, componente central del sistema de esquila EVO al que se conecta el eje flexible y el cabezal de esquila. Código/SKU: 722-710.M.","839.38","USD","true","false","[{""url"":""https://res.cloudinary.com/dqcb3hmi3/image/upload/v1785431338/ifedel/products/722-710.M/b7otscffjip5cvxf5o2d.jpg"",""isPrimary"":true,""sortOrder"":0}]","[{""label"":""Código"",""value"":""722-710.M"",""sortOrder"":1},{""label"":""Marca"",""value"":""Heiniger"",""sortOrder"":2},{""label"":""Categoría"",""value"":""Peladoras y Esquiladoras"",""sortOrder"":3},{""label"":""Alimentación"",""value"":""230V / 300W"",""sortOrder"":4},{""label"":""Sistema"",""value"":""EVO"",""sortOrder"":5}]","[{""priceList"":""minorista"",""currency"":""USD"",""netPrice"":1091.19,""taxRate"":10.5}]","[]"
"722-820","EVO Soporte para montaje pared","HEINIGER","Peladoras y Esquiladoras","EVO soporte para montaje en pared","Soporte de montaje en pared Heiniger para el motor del sistema de esquila EVO, permitiendo una instalación fija y ordenada en la sala de esquila. Código/SKU: 722-820.","128.38","USD","true","false","[]","[{""label"":""Código"",""value"":""722-820"",""sortOrder"":1},{""label"":""Marca"",""value"":""Heiniger"",""sortOrder"":2},{""label"":""Categoría"",""value"":""Peladoras y Esquiladoras"",""sortOrder"":3},{""label"":""Sistema"",""value"":""EVO"",""sortOrder"":4}]","[{""priceList"":""minorista"",""currency"":""USD"",""netPrice"":166.89,""taxRate"":21}]","[]"
"814594","AISLADOR CINTA PARA POSTES DE MADERA - EQUINOS - Bolsa x 25 Uni.","Speedrite","Electrificación Accesorios","Aislador cinta para postes de madera - Equinos - bolsa x25","Aislador para cinta Speedrite, diseñado para postes de madera, utilizado en instalaciones de cerco eléctrico para equinos. Presentación en bolsa de 25 unidades. Código/SKU: 814594.","0.95","USD","true","false","[]","[{""label"":""Código"",""value"":""814594"",""sortOrder"":1},{""label"":""Marca"",""value"":""Speedrite"",""sortOrder"":2},{""label"":""Categoría"",""value"":""Electrificación Accesorios"",""sortOrder"":3},{""label"":""Compatibilidad"",""value"":""Postes de madera"",""sortOrder"":4},{""label"":""Contenido"",""value"":""25 unidades"",""sortOrder"":5},{""label"":""Uso recomendado"",""value"":""Equinos"",""sortOrder"":6}]","[{""priceList"":""minorista"",""currency"":""USD"",""netPrice"":1.29,""taxRate"":21}]","[]"
"880 0000-002","TORNIQUETA CON AISLADOR","Speedrite","Electrificación Accesorios","Torniqueta con aislador","Torniqueta Speedrite con aislador incorporado, utilizada para tensar el alambre en cercos eléctricos de forma segura, evitando la pérdida de aislación en el punto de tensado. Código/SKU: 880 0000-002.","7.7","USD","true","false","[]","[{""label"":""Código"",""value"":""880 0000-002"",""sortOrder"":1},{""label"":""Marca"",""value"":""Speedrite"",""sortOrder"":2},{""label"":""Categoría"",""value"":""Electrificación Accesorios"",""sortOrder"":3}]","[{""priceList"":""minorista"",""currency"":""USD"",""netPrice"":9.62,""taxRate"":21}]","[]"
"880 0000-005","Torniqueta de aluminio redonda ( TENSAR ALAMBRE)","Speedrite","Electrificación Accesorios","Torniqueta de aluminio redonda (tensar alambre)","Torniqueta de aluminio redonda Speedrite, utilizada para tensar el alambre en cercos eléctricos de forma sencilla y duradera. Código/SKU: 880 0000-005.","4.09","USD","true","false","[{""url"":""https://res.cloudinary.com/dqcb3hmi3/image/upload/v1785424077/ifedel/products/880%200000-005/cqyzwdxsxjplfl3sprfs.jpg"",""isPrimary"":true,""sortOrder"":0}]","[{""label"":""Código"",""value"":""880 0000-005"",""sortOrder"":1},{""label"":""Marca"",""value"":""Speedrite"",""sortOrder"":2},{""label"":""Categoría"",""value"":""Electrificación Accesorios"",""sortOrder"":3},{""label"":""Material"",""value"":""Aluminio"",""sortOrder"":4}]","[{""priceList"":""minorista"",""currency"":""USD"",""netPrice"":5.52,""taxRate"":21}]","[]"
"880 0000-082","LLAVE DE CORTE","Speedrite","Electrificación Accesorios","Llave de corte para cerco eléctrico","Llave de corte (interruptor seccionador) Speedrite, utilizada para cortar o aislar tramos de cerco eléctrico de forma independiente durante tareas de mantenimiento sin necesidad de apagar todo el sistema. Código/SKU: 880 0000-082.","21","USD","true","false","[{""url"":""https://res.cloudinary.com/dqcb3hmi3/image/upload/v1785423859/ifedel/products/880%200000-082/cfps7cgjsnzwpktt6vgq.png"",""isPrimary"":true,""sortOrder"":0}]","[{""label"":""Código"",""value"":""880 0000-082"",""sortOrder"":1},{""label"":""Marca"",""value"":""Speedrite"",""sortOrder"":2},{""label"":""Categoría"",""value"":""Electrificación Accesorios"",""sortOrder"":3}]","[{""priceList"":""minorista"",""currency"":""USD"",""netPrice"":28.35,""taxRate"":21}]","[]"
"880 0000-099","LLave para ajuste de torniqueta redonda (SA04)","Speedrite","Electrificación Accesorios","Llave para ajuste de torniqueta redonda (SA04)","Llave Speedrite (modelo SA04) para el ajuste de la torniqueta redonda de aluminio, facilitando la tarea de tensado del alambre en cercos eléctricos. Código/SKU: 880 0000-099.","17.85","USD","true","false","[{""url"":""https://res.cloudinary.com/dqcb3hmi3/image/upload/v1785423934/ifedel/products/880%200000-099/jsec0qgwrs0e7lptmcpz.jpg"",""isPrimary"":true,""sortOrder"":0}]","[{""label"":""Código"",""value"":""880 0000-099"",""sortOrder"":1},{""label"":""Marca"",""value"":""Speedrite"",""sortOrder"":2},{""label"":""Categoría"",""value"":""Electrificación Accesorios"",""sortOrder"":3},{""label"":""Modelo"",""value"":""SA04"",""sortOrder"":4}]","[{""priceList"":""minorista"",""currency"":""USD"",""netPrice"":24.1,""taxRate"":21}]","[]"
"880 0000-125","AISLADOR A ROSCA MOVIL ","Speedrite","Electrificación Accesorios","Aislador a rosca móvil","Aislador Speedrite a rosca móvil (giratoria), utilizado para fijar el alambre en postes de cerco eléctrico, con articulación que facilita la instalación y el mantenimiento de la tensión. Código/SKU: 880 0000-125.","0.76","USD","true","false","[]","[{""label"":""Código"",""value"":""880 0000-125"",""sortOrder"":1},{""label"":""Marca"",""value"":""Speedrite"",""sortOrder"":2},{""label"":""Categoría"",""value"":""Electrificación Accesorios"",""sortOrder"":3},{""label"":""Tipo"",""value"":""Rosca móvil (giratoria)"",""sortOrder"":4}]","[{""priceList"":""minorista"",""currency"":""USD"",""netPrice"":1.02,""taxRate"":21}]","[]"
"880 0000-221","MANIJA AISLADA C/resorte x Compresión ","Speedrite","Electrificación Accesorios","Manija aislada con resorte por compresión","Manija aislada Speedrite con resorte por compresión, para la apertura y cierre manual de tranqueras en cercos eléctricos. Código/SKU: 880 0000-221.","4.38","USD","true","false","[]","[{""label"":""Código"",""value"":""880 0000-221"",""sortOrder"":1},{""label"":""Marca"",""value"":""Speedrite"",""sortOrder"":2},{""label"":""Categoría"",""value"":""Electrificación Accesorios"",""sortOrder"":3},{""label"":""Tipo"",""value"":""Resorte por compresión"",""sortOrder"":4}]","[{""priceList"":""minorista"",""currency"":""USD"",""netPrice"":5.91,""taxRate"":21}]","[]"
"880 0000-262","CONECTOR PARA 3 MANIJAS DE TRANQUERAS ","Speedrite","Electrificación Accesorios","Conector para 3 manijas de tranqueras","Conector Speedrite que permite unir hasta 3 manijas de tranqueras en un mismo punto, facilitando cruces de cerco eléctrico con múltiples pasos. Código/SKU: 880 0000-262.","3.55","USD","true","false","[{""url"":""https://res.cloudinary.com/dqcb3hmi3/image/upload/v1785780696/ifedel/products/880%200000-262/pzatgdzzksew51i91gop.webp"",""isPrimary"":true,""sortOrder"":0}]","[{""label"":""Código"",""value"":""880 0000-262"",""sortOrder"":1},{""label"":""Marca"",""value"":""Speedrite"",""sortOrder"":2},{""label"":""Categoría"",""value"":""Electrificación Accesorios"",""sortOrder"":3},{""label"":""Capacidad"",""value"":""3 manijas"",""sortOrder"":4}]","[{""priceList"":""minorista"",""currency"":""USD"",""netPrice"":4.84,""taxRate"":21}]","[]"
"880 0000-348","SPEEDRITE 18000i - 18JOULES (Compatible con Control Remoto)                                                                               ","Speedrite","Electrificación Energizadores","SPEEDRITE 18000i - 18 Joules, compatible con control remoto","Electrificador Speedrite 18000i, de la línea Unigizer, con pantalla digital que muestra voltaje de salida, voltaje de batería y voltaje de tierra. Sistema que maximiza la descarga del Joule liberado, compensando pérdidas de energía. Puede alimentarse con el transformador de CA (220V) incluido o con el cable adaptador para baterías (también incluido), aunque no ambos a la vez. Compatible con control remoto (se vende por separado). Código/SKU: 880 0000-348.","1122.19","USD","true","false","[{""url"":""https://res.cloudinary.com/dqcb3hmi3/image/upload/v1785422862/ifedel/products/880%200000-348/gbiluxauhrhbch8fjlqh.png"",""isPrimary"":true,""sortOrder"":0}]","[{""label"":""Código"",""value"":""880 0000-348"",""sortOrder"":1},{""label"":""Marca"",""value"":""Speedrite"",""sortOrder"":2},{""label"":""Categoría"",""value"":""Electrificación Energizadores"",""sortOrder"":3},{""label"":""Energía liberada"",""value"":""18 Joules"",""sortOrder"":4},{""label"":""Alimentación"",""value"":""220V CA o batería 12V (no simultáneo)"",""sortOrder"":5},{""label"":""Compatibilidad"",""value"":""Control remoto (opcional)"",""sortOrder"":6}]","[{""priceList"":""minorista"",""currency"":""USD"",""netPrice"":1514.95,""taxRate"":10.5}]","[]"
"880 0000-543","MANIJA AISLADA ""NO KICK"" - Bolsa x 10 Uni.","Speedrite","Electrificación Accesorios","Manija aislada ""No Kick"" - bolsa x10","Manija aislada Speedrite modelo No Kick, diseñada para reducir el riesgo de golpes al animal durante la apertura y cierre de tranqueras eléctricas. Presentación en bolsa de 10 unidades. Código/SKU: 880 0000-543.","2.5","USD","true","false","[]","[{""label"":""Código"",""value"":""880 0000-543"",""sortOrder"":1},{""label"":""Marca"",""value"":""Speedrite"",""sortOrder"":2},{""label"":""Categoría"",""value"":""Electrificación Accesorios"",""sortOrder"":3},{""label"":""Modelo"",""value"":""No Kick"",""sortOrder"":4},{""label"":""Contenido"",""value"":""10 unidades"",""sortOrder"":5}]","[{""priceList"":""minorista"",""currency"":""USD"",""netPrice"":3.38,""taxRate"":21}]","[]"
"880 0000-567","CABLE SUB. EXTREME 2,7mmX100MT","Speedrite","Electrificación Accesorios","Cable subterráneo Extreme 2,7mm x 100m","Cable subterráneo aislado Speedrite línea Extreme, de 2,7mm de diámetro y 100 metros de longitud, de mayor resistencia mecánica y aislación, utilizado para conexiones enterradas de cerco eléctrico. Código/SKU: 880 0000-567.","119.03","USD","true","false","[{""url"":""https://res.cloudinary.com/dqcb3hmi3/image/upload/v1785423491/ifedel/products/880%200000-567/tsnfoig5dyjzjpfdzcfm.jpg"",""isPrimary"":true,""sortOrder"":0}]","[{""label"":""Código"",""value"":""880 0000-567"",""sortOrder"":1},{""label"":""Marca"",""value"":""Speedrite"",""sortOrder"":2},{""label"":""Categoría"",""value"":""Electrificación Accesorios"",""sortOrder"":3},{""label"":""Diámetro"",""value"":""2,7 mm"",""sortOrder"":4},{""label"":""Longitud"",""value"":""100 m"",""sortOrder"":5},{""label"":""Línea"",""value"":""Extreme"",""sortOrder"":6}]","[{""priceList"":""minorista"",""currency"":""USD"",""netPrice"":160.7,""taxRate"":21}]","[]"
"880 0000-568","MANIJA AISLADA ZAMMR Caja x 30 Uni.","Speedrite","Electrificación Accesorios","Manija aislada ZAMMR - caja x30","Manija aislada Speedrite modelo ZAMMR, para la apertura y cierre manual de tranqueras en cercos eléctricos. Presentación en caja de 30 unidades. Código/SKU: 880 0000-568.","3.75","USD","true","false","[]","[{""label"":""Código"",""value"":""880 0000-568"",""sortOrder"":1},{""label"":""Marca"",""value"":""Speedrite"",""sortOrder"":2},{""label"":""Categoría"",""value"":""Electrificación Accesorios"",""sortOrder"":3},{""label"":""Modelo"",""value"":""ZAMMR"",""sortOrder"":4},{""label"":""Contenido"",""value"":""30 unidades"",""sortOrder"":5}]","[{""priceList"":""minorista"",""currency"":""USD"",""netPrice"":5.06,""taxRate"":21}]","[]"
"880 0000-655","SPEEDRITE 6000i - 6JOULES (Compatible con Control Remoto)                                                                               ","Speedrite","Electrificación Energizadores","SPEEDRITE 6000i - 6 Joules, compatible con control remoto","Electrificador Speedrite 6000i, de la línea Unigizer, con pantalla LCD que visualiza voltaje de descarga, voltaje de batería y voltaje de tierra, y monitoreo de conexión a tierra para identificar problemas del sistema. Puede alimentarse con transformador de CA (220V) o batería 12V (no simultáneo). Compatible con control remoto (se vende por separado). Código/SKU: 880 0000-655.","643.5","USD","true","false","[{""url"":""https://res.cloudinary.com/dqcb3hmi3/image/upload/v1785423005/ifedel/products/880%200000-655/el5nssplzrxocvy3vlg1.png"",""isPrimary"":true,""sortOrder"":0}]","[{""label"":""Código"",""value"":""880 0000-655"",""sortOrder"":1},{""label"":""Marca"",""value"":""Speedrite"",""sortOrder"":2},{""label"":""Categoría"",""value"":""Electrificación Energizadores"",""sortOrder"":3},{""label"":""Energía liberada"",""value"":""6 Joules"",""sortOrder"":4},{""label"":""Alimentación"",""value"":""220V CA o batería 12V (no simultáneo)"",""sortOrder"":5},{""label"":""Compatibilidad"",""value"":""Control remoto (opcional)"",""sortOrder"":6}]","[{""priceList"":""minorista"",""currency"":""USD"",""netPrice"":868.73,""taxRate"":10.5}]","[]"
"880 0000-766","EZW7 ( Monitor de pesaje - IDE-IDV- apartador de 3 vias por peso- Calculo de GDM) + BT","TruTest","Pesaje e IDE","EZW7 - Monitor de pesaje IDE/IDV, apartador 3 vías, cálculo GDM + BT","Indicador de pesaje Tru-Test EZW7, con identificación electrónica (IDE) y visual (IDV), apartador automático de 3 vías por peso y cálculo de ganancia diaria de peso (GDM). Incluye conexión Bluetooth para transferencia de datos a celular o PC. Código/SKU: 880 0000-766.","1215.5","USD","true","false","[{""url"":""https://res.cloudinary.com/dqcb3hmi3/image/upload/v1785421937/ifedel/products/880%200000-766/irsfvpg3q165iegy4ygt.png"",""isPrimary"":true,""sortOrder"":0},{""url"":""https://res.cloudinary.com/dqcb3hmi3/image/upload/v1785421945/ifedel/products/880%200000-766/ugvsjy7jsclqvqrhuoux.png"",""isPrimary"":false,""sortOrder"":1},{""url"":""https://res.cloudinary.com/dqcb3hmi3/image/upload/v1785421954/ifedel/products/880%200000-766/jyftt1x2gu642c8v1pie.png"",""isPrimary"":false,""sortOrder"":2}]","[{""label"":""Código"",""value"":""880 0000-766"",""sortOrder"":1},{""label"":""Marca"",""value"":""TruTest"",""sortOrder"":2},{""label"":""Categoría"",""value"":""Pesaje e IDE"",""sortOrder"":3},{""label"":""Identificación"",""value"":""IDE / IDV"",""sortOrder"":4},{""label"":""Apartador"",""value"":""3 vías por peso"",""sortOrder"":5},{""label"":""Conectividad"",""value"":""Bluetooth"",""sortOrder"":6}]","[{""priceList"":""minorista"",""currency"":""USD"",""netPrice"":1640.93,""taxRate"":21}]","[]"
"880 0000-771","DETECTOR DE FALLAS DIGITAL / FAULT FINDER","Speedrite","Electrificación Energizadores","Detector de fallas digital / Fault Finder Speedrite","Detector de fallas digital Speedrite (Fault Finder), con voltímetro y medidor de corriente incorporados, que muestra en una pantalla retroiluminada el voltaje, la corriente y la dirección de la corriente de forma simultánea, además de la lectura anterior para comparar valores. Facilita y agiliza el mantenimiento del cerco eléctrico al localizar rápidamente el origen de una falla. ","177.38","USD","true","false","[{""url"":""https://res.cloudinary.com/dqcb3hmi3/image/upload/v1785422555/ifedel/products/880%200000-771/xxcunijmf2z81681fych.png"",""isPrimary"":true,""sortOrder"":0}]","[{""label"":""Código"",""value"":""880 0000-771"",""sortOrder"":1},{""label"":""Marca"",""value"":""Speedrite"",""sortOrder"":2},{""label"":""Categoría"",""value"":""Electrificación Accesorios"",""sortOrder"":3},{""label"":""Función"",""value"":""Voltímetro y medidor de corriente / dirección"",""sortOrder"":4}]","[{""priceList"":""minorista"",""currency"":""USD"",""netPrice"":239.46,""taxRate"":10.5}]","[]"
"880 0000-779","PANEL DE LECTURA XRP2","TruTest","LECTORES","Panel de lectura XRP2","Antena panel de lectura Tru-Test/Datamars XRP2, para la lectura de caravanas electrónicas EID en manga o instalación fija, integrable con los indicadores de pesaje e identificación de la línea Tru-Test. Código/SKU: 880 0000-779.","1207.25","USD","true","false","[]","[{""label"":""Código"",""value"":""880 0000-779"",""sortOrder"":1},{""label"":""Marca"",""value"":""TruTest"",""sortOrder"":2},{""label"":""Categoría"",""value"":""LECTORES"",""sortOrder"":3},{""label"":""Tipo"",""value"":""Antena panel de lectura EID"",""sortOrder"":4}]","[{""priceList"":""minorista"",""currency"":""USD"",""netPrice"":1448.7,""taxRate"":10.5}]","[]"
"880 0000-793","XR5000 ( Monitor de pesaje- IDE-IDV-LID+ 2 ID opcionales- Apartador por criterios multiples- TRATAMIENTOS - FAVORITOS- Calculo GDM/GDM Total/GPV/ GPV TOTAL/ DIAS / TOTAL DE DIAS. Resumenes/ estadisticas y graficos) + BT y WI-FI","TruTest","Pesaje e IDE","XR5000 - Monitor de pesaje IDE/IDV/LID, apartador multi-criterio, tratamientos + BT y WiFi","Indicador de pesaje Tru-Test XR5000, tope de gama, con identificación electrónica (IDE), visual (IDV) y de lote (LID) más 2 identificaciones opcionales, apartador por criterios múltiples, registro de tratamientos, favoritos configurables y cálculo de GDM, GDM total, GPV, GPV total y días, con resúmenes, estadísticas y gráficos. Capacidad para almacenar hasta 1 millón de registros en 1.000 sesiones de pesaje. Pantalla de 7"" de alto brillo, gabinete IP67 resistente a agua, polvo y golpes. Tecnología Superdamp IV para estabilizar rápidamente el peso de animales en movimiento. Conectividad Bluetooth y Wi-Fi. Código/SKU: 880 0000-793.","2812.5","USD","true","false","[{""url"":""https://res.cloudinary.com/dqcb3hmi3/image/upload/v1785422360/ifedel/products/880%200000-793/vz7ilytu1b5grd7ngcfr.png"",""isPrimary"":true,""sortOrder"":0},{""url"":""https://res.cloudinary.com/dqcb3hmi3/image/upload/v1785422376/ifedel/products/880%200000-793/qmj7b2ybuwqkjpwa49d7.png"",""isPrimary"":false,""sortOrder"":1},{""url"":""https://res.cloudinary.com/dqcb3hmi3/image/upload/v1785422369/ifedel/products/880%200000-793/ycbomrcqt5idz26vaa9l.png"",""isPrimary"":false,""sortOrder"":2}]","[{""label"":""Código"",""value"":""880 0000-793"",""sortOrder"":1},{""label"":""Marca"",""value"":""TruTest"",""sortOrder"":2},{""label"":""Categoría"",""value"":""Pesaje e IDE"",""sortOrder"":3},{""label"":""Identificación"",""value"":""IDE / IDV / LID + 2 opcionales"",""sortOrder"":4},{""label"":""Almacenamiento"",""value"":""Hasta 1 millón de registros / 1000 sesiones"",""sortOrder"":5},{""label"":""Pantalla"",""value"":""7\"" alto brillo, gabinete IP67"",""sortOrder"":6},{""label"":""Conectividad"",""value"":""Bluetooth y Wi-Fi"",""sortOrder"":7}]","[{""priceList"":""minorista"",""currency"":""USD"",""netPrice"":3796.88,""taxRate"":21}]","[]"
"880 0000-796","KIT COMPLETO ""PARA RAYOS""","Speedrite","Electrificación Accesorios","Kit completo ""Para Rayos""","Kit de protección contra descargas atmosféricas (rayos) Speedrite, para proteger el energizador de cerco eléctrico de sobretensiones provocadas por caída de rayos en la línea. Código/SKU: 880 0000-796.","68.25","USD","true","false","[{""url"":""https://res.cloudinary.com/dqcb3hmi3/image/upload/v1785423725/ifedel/products/880%200000-796/t0rz702b9xo0jfbpipbo.jpg"",""isPrimary"":true,""sortOrder"":0}]","[{""label"":""Código"",""value"":""880 0000-796"",""sortOrder"":1},{""label"":""Marca"",""value"":""Speedrite"",""sortOrder"":2},{""label"":""Categoría"",""value"":""Electrificación Accesorios"",""sortOrder"":3},{""label"":""Función"",""value"":""Protección contra rayos"",""sortOrder"":4}]","[{""priceList"":""minorista"",""currency"":""USD"",""netPrice"":92.14,""taxRate"":21}]","[]"
"880 0000-813","KIT TRANQUERA ""BUNGY""","Speedrite","Electrificación Accesorios","Kit tranquera ""Bungy""","Kit de tranquera Speedrite con cuerda elástica (bungy), pre-armado, para la apertura y cierre de pasos en cercos eléctricos, con capacidad de estirarse para cubrir aberturas de distinto ancho. Código/SKU: 880 0000-813.","31.63","USD","true","false","[{""url"":""https://res.cloudinary.com/dqcb3hmi3/image/upload/v1785423986/ifedel/products/880%200000-813/vfwg9l0my5m8cfh8xba2.png"",""isPrimary"":true,""sortOrder"":0}]","[{""label"":""Código"",""value"":""880 0000-813"",""sortOrder"":1},{""label"":""Marca"",""value"":""Speedrite"",""sortOrder"":2},{""label"":""Categoría"",""value"":""Electrificación Accesorios"",""sortOrder"":3},{""label"":""Tipo"",""value"":""Tranquera con cuerda elástica (bungy)"",""sortOrder"":4}]","[{""priceList"":""minorista"",""currency"":""USD"",""netPrice"":42.69,""taxRate"":21}]","[]"
"880 0000-839"," KIT CONVERSION ( Para convertir basculas mecanicas a electronicas)","TruTest","Pesaje e IDE","Kit conversión - de báscula mecánica a electrónica","Kit de conversión Tru-Test para transformar básculas mecánicas de pesaje en electrónicas, permitiendo conectar un indicador de pesaje digital a una plataforma existente sin necesidad de reemplazar toda la estructura. Código/SKU: 880 0000-839.","374.06","USD","true","false","[{""url"":""https://res.cloudinary.com/dqcb3hmi3/image/upload/v1785421724/ifedel/products/880%200000-839/n34qevvxksa0ikgxptgz.png"",""isPrimary"":true,""sortOrder"":0}]","[{""label"":""Código"",""value"":""880 0000-839"",""sortOrder"":1},{""label"":""Marca"",""value"":""TruTest"",""sortOrder"":2},{""label"":""Categoría"",""value"":""Pesaje e IDE"",""sortOrder"":3},{""label"":""Uso"",""value"":""Conversión de báscula mecánica a electrónica"",""sortOrder"":4}]","[{""priceList"":""minorista"",""currency"":""USD"",""netPrice"":504.98,""taxRate"":21}]","[]"
"880 0000-844","BOBINA CUERDA"" BUNGY"" X 50 MTS","Speedrite","Electrificación Accesorios","Bobina cuerda ""Bungy"" x 50 metros","Bobina de cuerda elástica (bungy) Speedrite, de 50 metros, utilizada para armar o reponer tranqueras elásticas en cercos eléctricos. Código/SKU: 880 0000-844.","262.5","USD","true","false","[{""url"":""https://res.cloudinary.com/dqcb3hmi3/image/upload/v1785780226/ifedel/products/880%200000-844/rmweojkamdf4klshueoq.webp"",""isPrimary"":true,""sortOrder"":0}]","[{""label"":""Código"",""value"":""880 0000-844"",""sortOrder"":1},{""label"":""Marca"",""value"":""Speedrite"",""sortOrder"":2},{""label"":""Categoría"",""value"":""Electrificación Accesorios"",""sortOrder"":3},{""label"":""Longitud"",""value"":""50 m"",""sortOrder"":4}]","[{""priceList"":""minorista"",""currency"":""USD"",""netPrice"":354.38,""taxRate"":21}]","[]"
"880 0000-860","CONTROL REMOTO E INDICADOR DE FALLAS ","Speedrite","Electrificación Energizadores","Control remoto e indicador de fallas Speedrite","Control remoto Speedrite, compatible con los energizadores de las líneas W e i, que permite encender/apagar el equipo y mostrar el voltaje/estado de la cerca a distancia, funcionando también como indicador de fallas.","314.88","USD","true","false","[{""url"":""https://res.cloudinary.com/dqcb3hmi3/image/upload/v1785422500/ifedel/products/880%200000-860/wfuzq1wbu0fgmerdsgf0.png"",""isPrimary"":true,""sortOrder"":0}]","[{""label"":""Código"",""value"":""880 0000-860"",""sortOrder"":1},{""label"":""Marca"",""value"":""Speedrite"",""sortOrder"":2},{""label"":""Categoría"",""value"":""Electrificación Accesorios"",""sortOrder"":3},{""label"":""Compatibilidad"",""value"":""Energizadores línea W e i"",""sortOrder"":4}]","[{""priceList"":""minorista"",""currency"":""USD"",""netPrice"":425.08,""taxRate"":10.5}]","[]"
"880 0000-862","CARRETEL MAXIJUMBO 1:1","Speedrite","Electrificación Accesorios","Carretel MaxiJumbo 1:1","Carretel MaxiJumbo Speedrite con relación de enrollado 1:1, para el manejo de hilo, cinta o alambre en cercos eléctricos temporarios. Código/SKU: 880 0000-862.","64.67","USD","true","false","[{""url"":""https://res.cloudinary.com/dqcb3hmi3/image/upload/v1785423577/ifedel/products/880%200000-862/ggiw8azbmdsvnkrp7xp8.png"",""isPrimary"":true,""sortOrder"":0}]","[{""label"":""Código"",""value"":""880 0000-862"",""sortOrder"":1},{""label"":""Marca"",""value"":""Speedrite"",""sortOrder"":2},{""label"":""Categoría"",""value"":""Electrificación Accesorios"",""sortOrder"":3},{""label"":""Relación de enrollado"",""value"":""1:1"",""sortOrder"":4}]","[{""priceList"":""minorista"",""currency"":""USD"",""netPrice"":87.3,""taxRate"":10.5}]","[]"
"880 0000-948","SPEEDRITE 12000i - 12JOULES (Compatible con Control Remoto)                                                                               ","Speedrite","Electrificación Energizadores","SPEEDRITE 12000i - 12 Joules, compatible con control remoto","Electrificador Speedrite 12000i, de la línea Unigizer, con pantalla digital que muestra voltaje de salida, voltaje de batería y voltaje de tierra. Puede alimentarse con transformador de CA (220V) o batería 12V (no simultáneo). Compatible con control remoto (se vende por separado). Código/SKU: 880 0000-948.","973.5","USD","true","false","[{""url"":""https://res.cloudinary.com/dqcb3hmi3/image/upload/v1785422830/ifedel/products/880%200000-948/wipag0aqzxmhykx58i7p.png"",""isPrimary"":true,""sortOrder"":0}]","[{""label"":""Código"",""value"":""880 0000-948"",""sortOrder"":1},{""label"":""Marca"",""value"":""Speedrite"",""sortOrder"":2},{""label"":""Categoría"",""value"":""Electrificación Energizadores"",""sortOrder"":3},{""label"":""Energía liberada"",""value"":""12 Joules"",""sortOrder"":4},{""label"":""Alimentación"",""value"":""220V CA o batería 12V (no simultáneo)"",""sortOrder"":5},{""label"":""Compatibilidad"",""value"":""Control remoto (opcional)"",""sortOrder"":6}]","[{""priceList"":""minorista"",""currency"":""USD"",""netPrice"":1314.23,""taxRate"":10.5}]","[]"
"880 0001-367","AISLADOR ANILLO CON ROSCA CORTA","Speedrite","Electrificación Accesorios","Aislador anillo con rosca corta","Aislador Speedrite tipo anillo, con rosca corta, para la fijación del alambre en postes de cerco eléctrico. Código/SKU: 880 0001-367.","0.63","USD","true","false","[{""url"":""https://res.cloudinary.com/dqcb3hmi3/image/upload/v1785423303/ifedel/products/880%200001-367/yd4e3lmabwqnb3d492hf.jpg"",""isPrimary"":true,""sortOrder"":0}]","[{""label"":""Código"",""value"":""880 0001-367"",""sortOrder"":1},{""label"":""Marca"",""value"":""Speedrite"",""sortOrder"":2},{""label"":""Categoría"",""value"":""Electrificación Accesorios"",""sortOrder"":3},{""label"":""Tipo"",""value"":""Anillo, rosca corta"",""sortOrder"":4}]","[{""priceList"":""minorista"",""currency"":""USD"",""netPrice"":0.84,""taxRate"":21}]","[]"
"880 0001-796","HILO ELECTROPLASTICO 3mmX200 MT","Speedrite","Electrificación Accesorios","Hilo electroplástico 3mm x 200m","Hilo electroplástico Speedrite de 3mm de diámetro y 200 metros de longitud, con hilos conductores metálicos entrelazados, utilizado en cercos eléctricos temporarios o de subdivisión de potreros. Código/SKU: 880 0001-796.","78.27","USD","true","false","[]","[{""label"":""Código"",""value"":""880 0001-796"",""sortOrder"":1},{""label"":""Marca"",""value"":""Speedrite"",""sortOrder"":2},{""label"":""Categoría"",""value"":""Electrificación Accesorios"",""sortOrder"":3},{""label"":""Diámetro"",""value"":""3 mm"",""sortOrder"":4},{""label"":""Longitud"",""value"":""200 m"",""sortOrder"":5}]","[{""priceList"":""minorista"",""currency"":""USD"",""netPrice"":105.66,""taxRate"":21}]","[]"
"880 0002-482","Cinta MAXI TAPE DE 40mm x 50mts c/10 hilos Inox - Equinos","Speedrite","Electrificación Accesorios","Cinta Maxi Tape 40mm x 50m con 10 hilos inox - Equinos","Cinta Maxi Tape Speedrite de 40mm de ancho y 50 metros de longitud, con 10 hilos de acero inoxidable conductores entrelazados, de alta visibilidad, indicada para instalaciones de cerco eléctrico en equinos. Código/SKU: 880 0002-482.","19.04","USD","true","false","[{""url"":""https://res.cloudinary.com/dqcb3hmi3/image/upload/v1785780951/ifedel/products/880%200002-482/rsuiy8tahoczoumbgobf.jpg"",""isPrimary"":true,""sortOrder"":0}]","[{""label"":""Código"",""value"":""880 0002-482"",""sortOrder"":1},{""label"":""Marca"",""value"":""Speedrite"",""sortOrder"":2},{""label"":""Categoría"",""value"":""Electrificación Accesorios"",""sortOrder"":3},{""label"":""Ancho"",""value"":""40 mm"",""sortOrder"":4},{""label"":""Longitud"",""value"":""50 m"",""sortOrder"":5},{""label"":""Hilos conductores"",""value"":""10 hilos de acero inoxidable"",""sortOrder"":6},{""label"":""Uso recomendado"",""value"":""Equinos"",""sortOrder"":7}]","[{""priceList"":""minorista"",""currency"":""USD"",""netPrice"":25.7,""taxRate"":21}]","[]"
"880 0002-591","S3 (Monitor simple de pesaje con conexión BT a PC y Celulares)","TruTest","Pesaje e IDE","S3 - Monitor simple de pesaje con conexión BT a PC y celulares","Indicador de pesaje Tru-Test S3, básico, fácil y económico, con luz LED que indica cuándo el peso es estable y preciso, y pantalla LCD retroiluminada de alto contraste con números grandes. Compatible con cualquier barra o celda de pesaje Tru-Test. Incluye conexión Bluetooth a PC y celulares, y el software exclusivo Superdamp III que estabiliza rápidamente el peso de un animal en movimiento. Código/SKU: 880 0002-591.","635.25","USD","true","false","[{""url"":""https://res.cloudinary.com/dqcb3hmi3/image/upload/v1785422312/ifedel/products/880%200002-591/i3yrcasz9qwn6txywbm1.png"",""isPrimary"":true,""sortOrder"":0},{""url"":""https://res.cloudinary.com/dqcb3hmi3/image/upload/v1785422326/ifedel/products/880%200002-591/cv8cr30pp45odofnjk4c.png"",""isPrimary"":false,""sortOrder"":1},{""url"":""https://res.cloudinary.com/dqcb3hmi3/image/upload/v1785422318/ifedel/products/880%200002-591/rxez2s7gumxb86sg8dqi.png"",""isPrimary"":false,""sortOrder"":2}]","[{""label"":""Código"",""value"":""880 0002-591"",""sortOrder"":1},{""label"":""Marca"",""value"":""TruTest"",""sortOrder"":2},{""label"":""Categoría"",""value"":""Pesaje e IDE"",""sortOrder"":3},{""label"":""Conectividad"",""value"":""Bluetooth (PC y celulares)"",""sortOrder"":4},{""label"":""Tecnología de pesaje"",""value"":""Superdamp III"",""sortOrder"":5}]","[{""priceList"":""minorista"",""currency"":""USD"",""netPrice"":857.59,""taxRate"":21}]","[]"
"880 0003-260","VARILLA PLASTICA Hilo y Cinta - 840mm","Speedrite","Electrificación Accesorios","Varilla plástica para hilo y cinta - 840mm","Varilla plástica Speedrite de 840mm, diseñada para sostener hilo o cinta electroplástica en instalaciones de cerco eléctrico temporario o de subdivisión. Código/SKU: 880 0003-260.","7.39","USD","true","false","[]","[{""label"":""Código"",""value"":""880 0003-260"",""sortOrder"":1},{""label"":""Marca"",""value"":""Speedrite"",""sortOrder"":2},{""label"":""Categoría"",""value"":""Electrificación Accesorios"",""sortOrder"":3},{""label"":""Longitud"",""value"":""840 mm"",""sortOrder"":4},{""label"":""Compatibilidad"",""value"":""Hilo y cinta electroplástica"",""sortOrder"":5}]","[{""priceList"":""minorista"",""currency"":""USD"",""netPrice"":10.08,""taxRate"":21}]","[]"
"880 0004 540","FENCE NODE","Speedrite","Electrificación Accesorios","Fence Node - nodo de monitoreo de voltaje para cerco eléctrico","Nodo (Fence Node) solar de monitoreo Tru-Test/Speedrite, que se instala a lo largo de la línea del cerco (hasta cada 500m aprox.) y mide continuamente el voltaje, reportándolo al Gateway. Ante una caída de voltaje, comunica la ubicación aproximada del problema al celular del productor, reduciendo el tiempo de búsqueda de fallas. Requiere un Gateway WiFi (880 0004-541) para funcionar. Código/SKU: 880 0004 540.","330","USD","true","false","[{""url"":""https://res.cloudinary.com/dqcb3hmi3/image/upload/v1785781590/ifedel/products/880%200004%20540/nrbcqn5kfytdmazn8bxw.jpg"",""isPrimary"":true,""sortOrder"":0}]","[{""label"":""Código"",""value"":""880 0004 540"",""sortOrder"":1},{""label"":""Marca"",""value"":""TruTest/Speedrite"",""sortOrder"":2},{""label"":""Categoría"",""value"":""Electrificación Accesorios"",""sortOrder"":3},{""label"":""Alimentación"",""value"":""Solar"",""sortOrder"":4},{""label"":""Requiere"",""value"":""Gateway WiFi (880 0004-541)"",""sortOrder"":5}]","[{""priceList"":""minorista"",""currency"":""USD"",""netPrice"":396,""taxRate"":10.5}]","[]"
"880 0004-541","GATEWAY WIFI","Speedrite","Electrificación Accesorios","Gateway WiFi - monitoreo remoto de cerco eléctrico","Gateway (puerta de enlace) WiFi Tru-Test/Speedrite, componente central del sistema de monitoreo inteligente de cercos eléctricos. Se instala cerca de la casa o galpón y se comunica con la app Datamars Livestock Farm Management, permitiendo configurar alertas cuando el voltaje cae por debajo de un nivel mínimo. Un mismo Gateway admite hasta 50 Fence Nodes. Código/SKU: 880 0004-541.","412.8","USD","true","false","[]","[{""label"":""Código"",""value"":""880 0004-541"",""sortOrder"":1},{""label"":""Marca"",""value"":""TruTest/Speedrite"",""sortOrder"":2},{""label"":""Categoría"",""value"":""Electrificación Accesorios"",""sortOrder"":3},{""label"":""Conectividad"",""value"":""WiFi, app Datamars Livestock Farm"",""sortOrder"":4},{""label"":""Capacidad"",""value"":""Hasta 50 Fence Nodes por Gateway"",""sortOrder"":5}]","[{""priceList"":""minorista"",""currency"":""USD"",""netPrice"":495.36,""taxRate"":10.5}]","[]"
"880 0004-605","COLECTOR DE LECTURA XRP2i","TruTest","LECTORES","Colector de lectura XRP2i","Antena colectora de lectura Tru-Test/Datamars XRP2i, para la lectura de caravanas electrónicas EID en manga o instalación fija, integrable con los indicadores de pesaje e identificación de la línea Tru-Test. Código/SKU: 880 0004-605.","1643.13","USD","true","false","[{""url"":""https://res.cloudinary.com/dqcb3hmi3/image/upload/v1785781010/ifedel/products/880%200004-605/buebxakeqyx3q4rgfnrm.jpg"",""isPrimary"":false,""sortOrder"":0},{""url"":""https://res.cloudinary.com/dqcb3hmi3/image/upload/v1785781039/ifedel/products/880%200004-605/f0q6bfygwmajxcjgetz5.png"",""isPrimary"":true,""sortOrder"":1}]","[{""label"":""Código"",""value"":""880 0004-605"",""sortOrder"":1},{""label"":""Marca"",""value"":""TruTest"",""sortOrder"":2},{""label"":""Categoría"",""value"":""LECTORES"",""sortOrder"":3},{""label"":""Tipo"",""value"":""Antena colectora de lectura EID"",""sortOrder"":4}]","[{""priceList"":""minorista"",""currency"":""USD"",""netPrice"":1971.75,""taxRate"":10.5}]","[]"
"880 0004-756","BASTON DE LECTURA SRS2i","TruTest","LECTORES","Bastón de lectura SRS2i","Bastón lector portátil Tru-Test/Datamars SRS2i, compacto, confiable y fácil de usar, para la lectura de caravanas electrónicas EID e integración con balanzas Tru-Test para el seguimiento individual de los animales. Código/SKU: 880 0004-756.","1360.01","USD","true","false","[{""url"":""https://res.cloudinary.com/dqcb3hmi3/image/upload/v1785421774/ifedel/products/880%200004-756/blo602zvadutwcfau4yr.png"",""isPrimary"":true,""sortOrder"":0},{""url"":""https://res.cloudinary.com/dqcb3hmi3/image/upload/v1785421778/ifedel/products/880%200004-756/yxaorrj6flcs8fwnhaow.png"",""isPrimary"":false,""sortOrder"":1},{""url"":""https://res.cloudinary.com/dqcb3hmi3/image/upload/v1785421784/ifedel/products/880%200004-756/ccuvmloxczikylxolp19.png"",""isPrimary"":false,""sortOrder"":2}]","[{""label"":""Código"",""value"":""880 0004-756"",""sortOrder"":1},{""label"":""Marca"",""value"":""TruTest"",""sortOrder"":2},{""label"":""Categoría"",""value"":""LECTORES"",""sortOrder"":3},{""label"":""Tipo"",""value"":""Bastón lector portátil EID"",""sortOrder"":4}]","[{""priceList"":""minorista"",""currency"":""USD"",""netPrice"":1836.02,""taxRate"":10.5}]","[]"
"880 0004-757","BASTON DE LECTURA XRS2i","TruTest","LECTORES","Bastón de lectura XRS2i","Bastón lector portátil Tru-Test/Datamars XRS2i, para la lectura de caravanas electrónicas EID en el campo o en manga, integrable con los indicadores de pesaje e identificación de la línea Tru-Test para el seguimiento individual de los animales. Código/SKU: 880 0004-757.","1562.4","USD","true","false","[{""url"":""https://res.cloudinary.com/dqcb3hmi3/image/upload/v1785421832/ifedel/products/880%200004-757/borndm9dmcb50ulu2jlt.png"",""isPrimary"":false,""sortOrder"":0},{""url"":""https://res.cloudinary.com/dqcb3hmi3/image/upload/v1785421828/ifedel/products/880%200004-757/lzinuhexkea4qjxohlzr.png"",""isPrimary"":true,""sortOrder"":1},{""url"":""https://res.cloudinary.com/dqcb3hmi3/image/upload/v1785421841/ifedel/products/880%200004-757/ncvwjlilppj2wq42nrij.png"",""isPrimary"":false,""sortOrder"":2}]","[{""label"":""Código"",""value"":""880 0004-757"",""sortOrder"":1},{""label"":""Marca"",""value"":""TruTest"",""sortOrder"":2},{""label"":""Categoría"",""value"":""LECTORES"",""sortOrder"":3},{""label"":""Tipo"",""value"":""Bastón lector portátil EID"",""sortOrder"":4}]","[{""priceList"":""minorista"",""currency"":""USD"",""netPrice"":2076,""taxRate"":10.5}]","[]"
"880 0004-762","CARAVANA OFICIAL SENASA BINOMIO M2Z-HDX BLANCA  ","TruTest","IDENTIFICACION","Caravana oficial SENASA binomio M2Z-HDX blanca","Conjunto binomio (caravana visual + electrónica) oficial SENASA para identificación bovina, tecnología HDX (lectura de proximidad y a distancia, múltiples animales simultáneamente sin contacto), color blanco, sistema de fijación M2Z. Incluye numeración según normativa de trazabilidad SENASA.","1.91","USD","true","false","[{""url"":""https://res.cloudinary.com/dqcb3hmi3/image/upload/v1785780518/ifedel/products/880%200004-762/gncfgwmnyolri4t88e7z.webp"",""isPrimary"":true,""sortOrder"":0}]","[{""label"":""Código"",""value"":""880 0004-762"",""sortOrder"":1},{""label"":""Marca"",""value"":""Datamars"",""sortOrder"":2},{""label"":""Categoría"",""value"":""IDENTIFICACION"",""sortOrder"":3},{""label"":""Tecnología"",""value"":""HDX (proximidad y distancia)"",""sortOrder"":4},{""label"":""Tipo"",""value"":""Binomio M2Z"",""sortOrder"":5},{""label"":""Color"",""value"":""Blanca"",""sortOrder"":6},{""label"":""Certificación"",""value"":""Oficial SENASA"",""sortOrder"":7}]","[{""priceList"":""minorista"",""currency"":""USD"",""netPrice"":1.65,""taxRate"":10.5}]","[]"
"880 0004-843","SPEEDRITE SOLAR S2000(compacto solar 35 ha aprox 2 JOULE)","Speedrite","Electrificación Energizadores","SPEEDRITE Solar S2000 - compacto, aprox. 35ha, 2 Joules","Electrificador solar compacto Speedrite S2000, de 2 Joules de energía liberada, apto para cercar aproximadamente 35 hectáreas. Equipo autónomo con energizador, batería interna, panel solar, controlador de carga y soporte de fijación integrados. Código/SKU: 880 0004-843.","757.63","USD","true","false","[]","[{""label"":""Código"",""value"":""880 0004-843"",""sortOrder"":1},{""label"":""Marca"",""value"":""Speedrite"",""sortOrder"":2},{""label"":""Categoría"",""value"":""Electrificación Energizadores"",""sortOrder"":3},{""label"":""Energía liberada"",""value"":""2 Joules"",""sortOrder"":4},{""label"":""Cobertura aproximada"",""value"":""35 ha"",""sortOrder"":5},{""label"":""Alimentación"",""value"":""Solar compacto (todo en uno)"",""sortOrder"":6}]","[{""priceList"":""minorista"",""currency"":""USD"",""netPrice"":984.91,""taxRate"":10.5}]","[]"
"880 0004-847","SPEEDRITE SOLAR S3500(compacto solar 50 ha aprox 3,5 JOULE)","Speedrite","Electrificación Energizadores","SPEEDRITE Solar S3500 - compacto, aprox. 50ha, 3,5 Joules","Electrificador solar compacto Speedrite S3500, de 3,5 Joules de energía liberada, apto para cercar aproximadamente 50 hectáreas. Equipo autónomo con energizador, batería interna, panel solar, controlador de carga y soporte de fijación integrados. Código/SKU: 880 0004-847.","878.76","USD","true","false","[]","[{""label"":""Código"",""value"":""880 0004-847"",""sortOrder"":1},{""label"":""Marca"",""value"":""Speedrite"",""sortOrder"":2},{""label"":""Categoría"",""value"":""Electrificación Energizadores"",""sortOrder"":3},{""label"":""Energía liberada"",""value"":""3,5 Joules"",""sortOrder"":4},{""label"":""Cobertura aproximada"",""value"":""50 ha"",""sortOrder"":5},{""label"":""Alimentación"",""value"":""Solar compacto (todo en uno)"",""sortOrder"":6}]","[{""priceList"":""minorista"",""currency"":""USD"",""netPrice"":1142.39,""taxRate"":10.5}]","[]"
"880 0006-002","HEBILLA UNION PARA CINTA 40mm - EQUINOS - Bolsa x 5 Uni.","Speedrite","Electrificación Accesorios","Hebilla unión para cinta 40mm - Equinos - bolsa x5","Hebilla de unión Speedrite para cinta de 40mm de ancho, utilizada en instalaciones de cerco eléctrico para equinos con cinta Maxi Tape. Presentación en bolsa de 5 unidades. Código/SKU: 880 0006-002.","6.32","USD","true","false","[]","[{""label"":""Código"",""value"":""880 0006-002"",""sortOrder"":1},{""label"":""Marca"",""value"":""Speedrite"",""sortOrder"":2},{""label"":""Categoría"",""value"":""Electrificación Accesorios"",""sortOrder"":3},{""label"":""Ancho de cinta"",""value"":""40 mm"",""sortOrder"":4},{""label"":""Contenido"",""value"":""5 unidades"",""sortOrder"":5},{""label"":""Uso recomendado"",""value"":""Equinos"",""sortOrder"":6}]","[{""priceList"":""minorista"",""currency"":""USD"",""netPrice"":8.53,""taxRate"":21}]","[]"
"880 0006-032","AISLADOR ANILLO CON ROSCA LARGA","Speedrite","Electrificación Accesorios","Aislador anillo con rosca larga","Aislador Speedrite tipo anillo, con rosca larga, para la fijación del alambre en postes de mayor diámetro o de cerco eléctrico. Código/SKU: 880 0006-032.","1.25","USD","true","false","[]","[{""label"":""Código"",""value"":""880 0006-032"",""sortOrder"":1},{""label"":""Marca"",""value"":""Speedrite"",""sortOrder"":2},{""label"":""Categoría"",""value"":""Electrificación Accesorios"",""sortOrder"":3},{""label"":""Tipo"",""value"":""Anillo, rosca larga"",""sortOrder"":4}]","[{""priceList"":""minorista"",""currency"":""USD"",""netPrice"":1.69,""taxRate"":21}]","[]"
"880 0006-043","CARRETEL MAXIJUMBO 3:1","Speedrite","Electrificación Accesorios","Carretel MaxiJumbo 3:1","Carretel MaxiJumbo Speedrite con relación de enrollado 3:1, para el manejo ágil de hilo, cinta o alambre en cercos eléctricos temporarios, reduciendo el esfuerzo y el tiempo de recolección. Código/SKU: 880 0006-043.","73.91","USD","true","false","[{""url"":""https://res.cloudinary.com/dqcb3hmi3/image/upload/v1785423629/ifedel/products/880%200006-043/pznqcb6jw9ckblucqwch.png"",""isPrimary"":true,""sortOrder"":0}]","[{""label"":""Código"",""value"":""880 0006-043"",""sortOrder"":1},{""label"":""Marca"",""value"":""Speedrite"",""sortOrder"":2},{""label"":""Categoría"",""value"":""Electrificación Accesorios"",""sortOrder"":3},{""label"":""Relación de enrollado"",""value"":""3:1"",""sortOrder"":4}]","[{""priceList"":""minorista"",""currency"":""USD"",""netPrice"":99.77,""taxRate"":10.5}]","[]"
"880 0006-086","CABLE AISLADO SUBTERRANEO  x 50mts - 2,7MM","Speedrite","Electrificación Accesorios","Cable aislado subterráneo 2,7mm x 50m","Cable subterráneo aislado Speedrite, de 2,7mm de diámetro y 50 metros de longitud, utilizado para conectar tramos de cerco eléctrico enterrados, cruces de caminos o tranqueras sin perder aislación ni potencia de la línea. Código/SKU: 880 0006-086.","82.5","USD","true","false","[{""url"":""https://res.cloudinary.com/dqcb3hmi3/image/upload/v1785423469/ifedel/products/880%200006-086/tpawrm8ie3ivx1ad3hq7.jpg"",""isPrimary"":true,""sortOrder"":0}]","[{""label"":""Código"",""value"":""880 0006-086"",""sortOrder"":1},{""label"":""Marca"",""value"":""Speedrite"",""sortOrder"":2},{""label"":""Categoría"",""value"":""Electrificación Accesorios"",""sortOrder"":3},{""label"":""Diámetro"",""value"":""2,7 mm"",""sortOrder"":4},{""label"":""Longitud"",""value"":""50 m"",""sortOrder"":5}]","[{""priceList"":""minorista"",""currency"":""USD"",""netPrice"":111.38,""taxRate"":21}]","[]"
"880 0006-475","AISLADOR ESQUINERO CINTA - EQUINOS - Bolsa x 2 Uni.","Speedrite","Electrificación Accesorios","Aislador esquinero cinta - Equinos - bolsa x2","Aislador esquinero Speedrite para cinta, utilizado en postes de esquina de instalaciones de cerco eléctrico para equinos. Presentación en bolsa de 2 unidades. Código/SKU: 880 0006-475.","6.32","USD","true","false","[]","[{""label"":""Código"",""value"":""880 0006-475"",""sortOrder"":1},{""label"":""Marca"",""value"":""Speedrite"",""sortOrder"":2},{""label"":""Categoría"",""value"":""Electrificación Accesorios"",""sortOrder"":3},{""label"":""Uso"",""value"":""Postes esquineros"",""sortOrder"":4},{""label"":""Contenido"",""value"":""2 unidades"",""sortOrder"":5},{""label"":""Uso recomendado"",""value"":""Equinos"",""sortOrder"":6}]","[{""priceList"":""minorista"",""currency"":""USD"",""netPrice"":8.53,""taxRate"":21}]","[]"
"880 0006-538","AISLADOR ESQUINERO NEGRO (1000KG)","Speedrite","Electrificación Accesorios","Aislador esquinero negro (1000kg)","Aislador esquinero Speedrite de alta resistencia (1000kg), utilizado en postes de esquina o extremo donde el alambre soporta mayor tensión mecánica en el cerco eléctrico. Código/SKU: 880 0006-538.","0.72","USD","true","false","[{""url"":""https://res.cloudinary.com/dqcb3hmi3/image/upload/v1785780050/ifedel/products/880%200006-538/osncph6smkceudxx9hvr.jpg"",""isPrimary"":true,""sortOrder"":0}]","[{""label"":""Código"",""value"":""880 0006-538"",""sortOrder"":1},{""label"":""Marca"",""value"":""Speedrite"",""sortOrder"":2},{""label"":""Categoría"",""value"":""Electrificación Accesorios"",""sortOrder"":3},{""label"":""Resistencia"",""value"":""1000 kg"",""sortOrder"":4},{""label"":""Uso"",""value"":""Postes esquineros/extremos"",""sortOrder"":5}]","[{""priceList"":""minorista"",""currency"":""USD"",""netPrice"":0.94,""taxRate"":21}]","[]"
"880 0006-540","AISLADOR W","Speedrite","Electrificación Accesorios","Aislador W","Aislador Speedrite tipo W, utilizado para la fijación del alambre en postes intermedios de cerco eléctrico. Código/SKU: 880 0006-540.","0.39","USD","true","false","[{""url"":""https://res.cloudinary.com/dqcb3hmi3/image/upload/v1785423184/ifedel/products/880%200006-540/ujwpihyhwwx4x56y6djd.png"",""isPrimary"":true,""sortOrder"":0}]","[{""label"":""Código"",""value"":""880 0006-540"",""sortOrder"":1},{""label"":""Marca"",""value"":""Speedrite"",""sortOrder"":2},{""label"":""Categoría"",""value"":""Electrificación Accesorios"",""sortOrder"":3}]","[{""priceList"":""minorista"",""currency"":""USD"",""netPrice"":0.52,""taxRate"":21}]","[]"
"880 0006-669","MP600 ( Ancho 60 cm - Capacidad 2000 kg)","TruTest","Pesaje e IDE","MP600 - barra de pesaje, ancho 60cm, capacidad 2000kg","Barra de pesaje Tru-Test MP600, de 60cm de ancho y 2000kg de capacidad, para uso junto a los indicadores de pesaje de la línea Tru-Test en manga o balanza. Código/SKU: 880 0006-669.","1568.44","USD","true","false","[{""url"":""https://res.cloudinary.com/dqcb3hmi3/image/upload/v1785422214/ifedel/products/880%200006-669/aryjgxib4nbkch5yes5p.png"",""isPrimary"":false,""sortOrder"":0},{""url"":""https://res.cloudinary.com/dqcb3hmi3/image/upload/v1785422208/ifedel/products/880%200006-669/iraklfsjenlebkyevijt.png"",""isPrimary"":true,""sortOrder"":1},{""url"":""https://res.cloudinary.com/dqcb3hmi3/image/upload/v1785422220/ifedel/products/880%200006-669/szkw8sjlfevdxv74lkcw.png"",""isPrimary"":false,""sortOrder"":2},{""url"":""https://res.cloudinary.com/dqcb3hmi3/image/upload/v1785422225/ifedel/products/880%200006-669/kfcbgoalnh9wsutm2quc.png"",""isPrimary"":false,""sortOrder"":3}]","[{""label"":""Código"",""value"":""880 0006-669"",""sortOrder"":1},{""label"":""Marca"",""value"":""TruTest"",""sortOrder"":2},{""label"":""Categoría"",""value"":""Pesaje e IDE"",""sortOrder"":3},{""label"":""Ancho"",""value"":""60 cm"",""sortOrder"":4},{""label"":""Capacidad"",""value"":""2000 kg"",""sortOrder"":5}]","[{""priceList"":""minorista"",""currency"":""USD"",""netPrice"":2117.39,""taxRate"":21}]","[]"
"880 0006-670","MP800 (Ancho 80 cm - Capacidad 3000 kg)","TruTest","Pesaje e IDE","MP800 - barra de pesaje, ancho 80cm, capacidad 3000kg","Barra de pesaje Tru-Test MP800, de 80cm de ancho y 3000kg de capacidad, para uso junto a los indicadores de pesaje de la línea Tru-Test en manga o balanza. Código/SKU: 880 0006-670.","1959.38","USD","true","false","[{""url"":""https://res.cloudinary.com/dqcb3hmi3/image/upload/v1785422263/ifedel/products/880%200006-670/nxzl8amotvzkhpmauuar.png"",""isPrimary"":true,""sortOrder"":0},{""url"":""https://res.cloudinary.com/dqcb3hmi3/image/upload/v1785422270/ifedel/products/880%200006-670/tvtsgbdzb5ws48a7orje.png"",""isPrimary"":false,""sortOrder"":1}]","[{""label"":""Código"",""value"":""880 0006-670"",""sortOrder"":1},{""label"":""Marca"",""value"":""TruTest"",""sortOrder"":2},{""label"":""Categoría"",""value"":""Pesaje e IDE"",""sortOrder"":3},{""label"":""Ancho"",""value"":""80 cm"",""sortOrder"":4},{""label"":""Capacidad"",""value"":""3000 kg"",""sortOrder"":5}]","[{""priceList"":""minorista"",""currency"":""USD"",""netPrice"":2645.16,""taxRate"":21}]","[]"
"880 0006-712","HD5T ( Ancho 101 cm -Capacidad 5000 kg)","TruTest","Pesaje e IDE","HD5T - barra de pesaje, ancho 101cm, capacidad 5000kg","Barra de pesaje Tru-Test HD5T, de 101cm de ancho y 5000kg de capacidad, robusta y de alta resistencia, para uso junto a los indicadores de pesaje de la línea Tru-Test en instalaciones de mayor exigencia. Código/SKU: 880 0006-712.","2454.38","USD","true","false","[{""url"":""https://res.cloudinary.com/dqcb3hmi3/image/upload/v1785422072/ifedel/products/880%200006-712/dmyrerrgvfglstezdym4.png"",""isPrimary"":true,""sortOrder"":0},{""url"":""https://res.cloudinary.com/dqcb3hmi3/image/upload/v1785422076/ifedel/products/880%200006-712/ogo7oymudvqj0pqznjeq.png"",""isPrimary"":false,""sortOrder"":1}]","[{""label"":""Código"",""value"":""880 0006-712"",""sortOrder"":1},{""label"":""Marca"",""value"":""TruTest"",""sortOrder"":2},{""label"":""Categoría"",""value"":""Pesaje e IDE"",""sortOrder"":3},{""label"":""Ancho"",""value"":""101 cm"",""sortOrder"":4},{""label"":""Capacidad"",""value"":""5000 kg"",""sortOrder"":5}]","[{""priceList"":""minorista"",""currency"":""USD"",""netPrice"":2945.25,""taxRate"":21}]","[]"
"880 0006-804","AISLADOR Y PARA VARILLAS O POSTES METALICOS","Speedrite","Electrificación Accesorios","Aislador Y para varillas o postes metálicos","Aislador Speedrite tipo Y, diseñado específicamente para varillas o postes metálicos de cerco eléctrico, evitando el contacto directo del alambre con el metal. Código/SKU: 880 0006-804.","0.88","USD","true","false","[]","[{""label"":""Código"",""value"":""880 0006-804"",""sortOrder"":1},{""label"":""Marca"",""value"":""Speedrite"",""sortOrder"":2},{""label"":""Categoría"",""value"":""Electrificación Accesorios"",""sortOrder"":3},{""label"":""Compatibilidad"",""value"":""Varillas o postes metálicos"",""sortOrder"":4}]","[{""priceList"":""minorista"",""currency"":""USD"",""netPrice"":1.19,""taxRate"":21}]","[]"
"880 0006-824","MP1000 ( electrificador dual 12V/220V) (Bateria Recomendada 12V 55AMP)","Speedrite","Electrificación Energizadores","SPEEDRITE MP1000 - electrificador dual 12V/220V (batería recomendada 55Amp)","Electrificador Speedrite MP1000, de la línea multipropósito (MP), capaz de funcionar simultáneamente con energía de red 110-220V y batería 12V. Ante un corte de suministro, activa automáticamente la energía alternativa desde una batería externa (no incluida, se recomienda batería 12V 55Amp); al restablecerse la red, recarga automáticamente la batería utilizada. Incluye no-break interno automático, sistema Magnum Power para una transferencia de pulso más eficiente, modo económico de consumo regulable y monitoreo de voltaje de cerca mediante LEDs. Código/SKU: 880 0006-824.","177.19","USD","true","false","[{""url"":""https://res.cloudinary.com/dqcb3hmi3/image/upload/v1785422598/ifedel/products/880%200006-824/pfwkg7jlii6abgsasrps.png"",""isPrimary"":true,""sortOrder"":0}]","[{""label"":""Código"",""value"":""880 0006-824"",""sortOrder"":1},{""label"":""Marca"",""value"":""Speedrite"",""sortOrder"":2},{""label"":""Categoría"",""value"":""Electrificación Energizadores"",""sortOrder"":3},{""label"":""Alimentación"",""value"":""Dual 12V / 220V (no-break automático)"",""sortOrder"":4},{""label"":""Batería recomendada"",""value"":""12V 55Amp"",""sortOrder"":5}]","[{""priceList"":""minorista"",""currency"":""USD"",""netPrice"":239.2,""taxRate"":10.5}]","[]"
"880 0006-825","MP2000 ( electrificador dual 12V/220V) (Bateria Recomendada 12 V 55 AMP)","Speedrite","Electrificación Energizadores","SPEEDRITE MP2000 - electrificador dual 12V/220V (batería recomendada 55Amp)","Electrificador Speedrite MP2000, de la línea multipropósito (MP), capaz de funcionar simultáneamente con energía de red 110-220V y batería 12V. Ante un corte de suministro, activa automáticamente la energía alternativa desde una batería externa (no incluida, se recomienda batería 12V 55Amp); al restablecerse la red, recarga automáticamente la batería utilizada. Incluye no-break interno automático, sistema Magnum Power para una transferencia de pulso más eficiente, modo económico de consumo regulable y monitoreo de voltaje de cerca mediante LEDs. Código/SKU: 880 0006-825.","203.44","USD","true","false","[{""url"":""https://res.cloudinary.com/dqcb3hmi3/image/upload/v1785422633/ifedel/products/880%200006-825/ps32og9p8tpfnyhnfckc.png"",""isPrimary"":true,""sortOrder"":0}]","[{""label"":""Código"",""value"":""880 0006-825"",""sortOrder"":1},{""label"":""Marca"",""value"":""Speedrite"",""sortOrder"":2},{""label"":""Categoría"",""value"":""Electrificación Energizadores"",""sortOrder"":3},{""label"":""Alimentación"",""value"":""Dual 12V / 220V (no-break automático)"",""sortOrder"":4},{""label"":""Batería recomendada"",""value"":""12V 55Amp"",""sortOrder"":5}]","[{""priceList"":""minorista"",""currency"":""USD"",""netPrice"":274.64,""taxRate"":10.5}]","[]"
"880 0006-826","MP4000 ( electrificador dual 12V/220V) (Bateria Recomendada 12V 55AMP)","Speedrite","Electrificación Energizadores","SPEEDRITE MP4000 - electrificador dual 12V/220V (batería recomendada 55Amp)","Electrificador Speedrite MP4000, de la línea multipropósito (MP), capaz de funcionar simultáneamente con energía de red 110-220V y batería 12V. Ante un corte de suministro, activa automáticamente la energía alternativa desde una batería externa (no incluida, se recomienda batería 12V 55Amp); al restablecerse la red, recarga automáticamente la batería utilizada. Incluye no-break interno automático, sistema Magnum Power para una transferencia de pulso más eficiente, modo económico de consumo regulable y monitoreo de voltaje de cerca mediante LEDs. Código/SKU: 880 0006-826.","267.75","USD","true","false","[{""url"":""https://res.cloudinary.com/dqcb3hmi3/image/upload/v1785422753/ifedel/products/880%200006-826/lpnytqgtyxpfaujlbmm4.png"",""isPrimary"":true,""sortOrder"":0}]","[{""label"":""Código"",""value"":""880 0006-826"",""sortOrder"":1},{""label"":""Marca"",""value"":""Speedrite"",""sortOrder"":2},{""label"":""Categoría"",""value"":""Electrificación Energizadores"",""sortOrder"":3},{""label"":""Alimentación"",""value"":""Dual 12V / 220V (no-break automático)"",""sortOrder"":4},{""label"":""Batería recomendada"",""value"":""12V 55Amp"",""sortOrder"":5}]","[{""priceList"":""minorista"",""currency"":""USD"",""netPrice"":361.46,""taxRate"":10.5}]","[]"
"880 0006-827","MP8000 ( electrificador dual 12V/220V)(Bateria Recomendada 12V 100AMP)","Speedrite","Electrificación Energizadores","SPEEDRITE MP8000 - electrificador dual 12V/220V (batería recomendada 100Amp)","Electrificador Speedrite MP8000, de la línea multipropósito (MP), capaz de funcionar simultáneamente con energía de red 110-220V y batería 12V. Ante un corte de suministro, activa automáticamente la energía alternativa desde una batería externa (no incluida, se recomienda batería 12V 100Amp); al restablecerse la red, recarga automáticamente la batería utilizada. Incluye no-break interno automático, sistema Magnum Power para una transferencia de pulso más eficiente, modo económico de consumo regulable y monitoreo de voltaje de cerca mediante LEDs. Código/SKU: 880 0006-827.","330.75","USD","true","false","[{""url"":""https://res.cloudinary.com/dqcb3hmi3/image/upload/v1785422782/ifedel/products/880%200006-827/jjijavo1eu6os5wxty93.png"",""isPrimary"":true,""sortOrder"":0}]","[{""label"":""Código"",""value"":""880 0006-827"",""sortOrder"":1},{""label"":""Marca"",""value"":""Speedrite"",""sortOrder"":2},{""label"":""Categoría"",""value"":""Electrificación Energizadores"",""sortOrder"":3},{""label"":""Alimentación"",""value"":""Dual 12V / 220V (no-break automático)"",""sortOrder"":4},{""label"":""Batería recomendada"",""value"":""12V 100Amp"",""sortOrder"":5}]","[{""priceList"":""minorista"",""currency"":""USD"",""netPrice"":446.51,""taxRate"":10.5}]","[]"
"880 0006-939","SPEEDRITE S100 ( solar compacto - 1JOULE)","Speedrite","Electrificación Energizadores","SPEEDRITE S100 - solar compacto, 1 Joule","Electrificador solar compacto Speedrite S100, de 1 Joule de energía liberada, equipo autónomo con energizador, batería interna, panel solar, controlador de carga y soporte de fijación integrados en un solo conjunto. Ideal para cercos pequeños o de bajo consumo en zonas sin acceso a red eléctrica. Código/SKU: 880 0006-939.","321.56","USD","true","false","[{""url"":""https://res.cloudinary.com/dqcb3hmi3/image/upload/v1785423107/ifedel/products/880%200006-939/nnvhawuqnhljcu6jczqk.png"",""isPrimary"":true,""sortOrder"":0},{""url"":""https://res.cloudinary.com/dqcb3hmi3/image/upload/v1785423115/ifedel/products/880%200006-939/mdhguqr6iyr6ej6n83cf.png"",""isPrimary"":false,""sortOrder"":1}]","[{""label"":""Código"",""value"":""880 0006-939"",""sortOrder"":1},{""label"":""Marca"",""value"":""Speedrite"",""sortOrder"":2},{""label"":""Categoría"",""value"":""Electrificación Energizadores"",""sortOrder"":3},{""label"":""Energía liberada"",""value"":""1 Joule"",""sortOrder"":4},{""label"":""Alimentación"",""value"":""Solar compacto (todo en uno)"",""sortOrder"":5}]","[{""priceList"":""minorista"",""currency"":""USD"",""netPrice"":434.11,""taxRate"":10.5}]","[]"
"880 0007-648"," GRAMPA CONECTOR BOLSA X25 UNIDADES","Speedrite","Electrificación Accesorios","Grampa conector - bolsa x25 unidades","Grampa conectora Speedrite, utilizada para unir o empalmar tramos de alambre o hilo conductor en instalaciones de cerco eléctrico. Presentación en bolsa de 25 unidades. Código/SKU: 880 0007-648.","3.93","USD","true","false","[{""url"":""https://res.cloudinary.com/dqcb3hmi3/image/upload/v1785423249/ifedel/products/880%200007-648/abx5c9df1rgichht6aau.jpg"",""isPrimary"":true,""sortOrder"":0}]","[{""label"":""Código"",""value"":""880 0007-648"",""sortOrder"":1},{""label"":""Marca"",""value"":""Speedrite"",""sortOrder"":2},{""label"":""Categoría"",""value"":""Electrificación Accesorios"",""sortOrder"":3},{""label"":""Contenido"",""value"":""25 unidades"",""sortOrder"":4}]","[{""priceList"":""minorista"",""currency"":""USD"",""netPrice"":5.3,""taxRate"":21}]","[]"
"880 0010-832","JR5000 ( Monitor de pesaje- IDE/IDV- Apartador de 5 vias por peso- Calculo GDM/GPV/DIAS - resumenes y graficos.) + BT y WI-FI","TruTest","Pesaje e IDE","JR5000 - Monitor de pesaje IDE/IDV, apartador 5 vías, GDM/GPV/DIAS + BT y WiFi","Indicador de pesaje Tru-Test JR5000, con identificación electrónica (IDE) y visual (IDV), apartador automático de 5 vías por peso, y cálculo de ganancia diaria de peso (GDM), ganancia de peso vivo (GPV) y días, con resúmenes y gráficos de rendimiento individual. Conectividad Bluetooth y Wi-Fi para la transferencia de datos. Código/SKU: 880 0010-832.","2514.6","USD","true","false","[{""url"":""https://res.cloudinary.com/dqcb3hmi3/image/upload/v1785422110/ifedel/products/880%200010-832/caokjk143pqgynbabirz.png"",""isPrimary"":true,""sortOrder"":0},{""url"":""https://res.cloudinary.com/dqcb3hmi3/image/upload/v1785422117/ifedel/products/880%200010-832/ya3oflj0zaftn67txdwb.png"",""isPrimary"":false,""sortOrder"":1},{""url"":""https://res.cloudinary.com/dqcb3hmi3/image/upload/v1785422122/ifedel/products/880%200010-832/skokxctw71pvtat4ncg7.png"",""isPrimary"":false,""sortOrder"":2}]","[{""label"":""Código"",""value"":""880 0010-832"",""sortOrder"":1},{""label"":""Marca"",""value"":""TruTest"",""sortOrder"":2},{""label"":""Categoría"",""value"":""Pesaje e IDE"",""sortOrder"":3},{""label"":""Identificación"",""value"":""IDE / IDV"",""sortOrder"":4},{""label"":""Apartador"",""value"":""5 vías por peso"",""sortOrder"":5},{""label"":""Conectividad"",""value"":""Bluetooth y Wi-Fi"",""sortOrder"":6}]","[{""priceList"":""minorista"",""currency"":""USD"",""netPrice"":3143.25,""taxRate"":21}]","[]"
"880 0010-834","SPEEDRITE 46000W - 46JOULES  ( Monitoreo y Control desde el Celular; Compatible con control remoto)","Speedrite","Electrificación Energizadores","SPEEDRITE 46000W - 46 Joules, monitoreo y control desde el celular","Electrificador Speedrite 46000W, de alto rendimiento (46 Joules de energía liberada), con conectividad Bluetooth y Wi-Fi mediante la app Datamars Livestock Farm para monitoreo y control remoto: encendido/apagado, ajuste de voltaje y alertas. Tecnología Cyclic Wave y Bipolar para alto rendimiento en suelos secos de baja conductividad. Compatible con control remoto. Código/SKU: 880 0010-834.","1995","USD","true","false","[{""url"":""https://res.cloudinary.com/dqcb3hmi3/image/upload/v1785422962/ifedel/products/880%200010-834/qmydbrgwjzjxnkakphpq.png"",""isPrimary"":true,""sortOrder"":0},{""url"":""https://res.cloudinary.com/dqcb3hmi3/image/upload/v1785422968/ifedel/products/880%200010-834/rlxj1mqofqllleqyhrvw.png"",""isPrimary"":false,""sortOrder"":1}]","[{""label"":""Código"",""value"":""880 0010-834"",""sortOrder"":1},{""label"":""Marca"",""value"":""Speedrite"",""sortOrder"":2},{""label"":""Categoría"",""value"":""Electrificación Energizadores"",""sortOrder"":3},{""label"":""Energía liberada"",""value"":""46 Joules"",""sortOrder"":4},{""label"":""Conectividad"",""value"":""Bluetooth y Wi-Fi (App Datamars Livestock)"",""sortOrder"":5},{""label"":""Compatibilidad"",""value"":""Control remoto"",""sortOrder"":6}]","[{""priceList"":""minorista"",""currency"":""USD"",""netPrice"":2693.25,""taxRate"":10.5}]","[]"
"880 0010-971","SPEEDRITE 86000W - 86JOULES  ( Monitoreo y Control desde el Celular; Compatible con control remoto)","Speedrite","Electrificación Energizadores","SPEEDRITE 86000W - 86 Joules, monitoreo y control desde el celular","Electrificador Speedrite 86000W, de la línea de mayor potencia (86 Joules de energía liberada), con conectividad Bluetooth y Wi-Fi mediante la app Datamars Livestock Farm, que permite monitorear y controlar el equipo a distancia: encendido/apagado, visualización y ajuste del voltaje de la cerca, y alertas cuando el voltaje cae. Compatible con control remoto. Tecnología Cyclic Wave para energía continua hasta el final de la cerca y terminales de perno dividido para conectar múltiples cables. Código/SKU: 880 0010-971.","2622.38","USD","true","false","[]","[{""label"":""Código"",""value"":""880 0010-971"",""sortOrder"":1},{""label"":""Marca"",""value"":""Speedrite"",""sortOrder"":2},{""label"":""Categoría"",""value"":""Electrificación Energizadores"",""sortOrder"":3},{""label"":""Energía liberada"",""value"":""86 Joules"",""sortOrder"":4},{""label"":""Conectividad"",""value"":""Bluetooth y Wi-Fi (App Datamars Livestock)"",""sortOrder"":5},{""label"":""Compatibilidad"",""value"":""Control remoto"",""sortOrder"":6}]","[{""priceList"":""minorista"",""currency"":""USD"",""netPrice"":3540.21,""taxRate"":10.5}]","[]"
"880 0011-028","SPEEDRITE 31000W - 31JOULES  ( Monitoreo y Control desde el Celular; Compatible con control remoto)","Speedrite","Electrificación Energizadores","SPEEDRITE 31000W - 31 Joules, monitoreo y control desde el celular","Electrificador Speedrite 31000W, con conectividad Bluetooth y Wi-Fi mediante la app Datamars Livestock Farm para monitorear y controlar el equipo a distancia: encendido/apagado, ajuste de voltaje y alertas de caída de tensión. Alcance de hasta 370km / 180 hectáreas, energía de salida máxima de 30J @ 50 Ohms. Compatible con control remoto. Código/SKU: 880 0011-028.","1599.94","USD","true","false","[{""url"":""https://res.cloudinary.com/dqcb3hmi3/image/upload/v1785422906/ifedel/products/880%200011-028/ej95qzd01wcpkwgrtu4r.png"",""isPrimary"":true,""sortOrder"":0}]","[{""label"":""Código"",""value"":""880 0011-028"",""sortOrder"":1},{""label"":""Marca"",""value"":""Speedrite"",""sortOrder"":2},{""label"":""Categoría"",""value"":""Electrificación Energizadores"",""sortOrder"":3},{""label"":""Energía liberada"",""value"":""31 Joules"",""sortOrder"":4},{""label"":""Alcance"",""value"":""Hasta 370 km / 180 ha"",""sortOrder"":5},{""label"":""Conectividad"",""value"":""Bluetooth y Wi-Fi (App Datamars Livestock)"",""sortOrder"":6},{""label"":""Compatibilidad"",""value"":""Control remoto"",""sortOrder"":7}]","[{""priceList"":""minorista"",""currency"":""USD"",""netPrice"":2159.92,""taxRate"":10.5}]","[]"
"880 0013-173","CABLE SUB. EXTREME 2,7mmX50MT","Speedrite","Electrificación Accesorios","Cable subterráneo Extreme 2,7mm x 50m","Cable subterráneo aislado Speedrite línea Extreme, de 2,7mm de diámetro y 50 metros de longitud, de mayor resistencia mecánica y aislación, utilizado para conexiones enterradas de cerco eléctrico. Código/SKU: 880 0013-173.","91.12","USD","true","false","[{""url"":""https://res.cloudinary.com/dqcb3hmi3/image/upload/v1785780578/ifedel/products/880%200013-173/jpwfdx53mxehj0zqtdxh.jpg"",""isPrimary"":true,""sortOrder"":0}]","[{""label"":""Código"",""value"":""880 0013-173"",""sortOrder"":1},{""label"":""Marca"",""value"":""Speedrite"",""sortOrder"":2},{""label"":""Categoría"",""value"":""Electrificación Accesorios"",""sortOrder"":3},{""label"":""Diámetro"",""value"":""2,7 mm"",""sortOrder"":4},{""label"":""Longitud"",""value"":""50 m"",""sortOrder"":5},{""label"":""Línea"",""value"":""Extreme"",""sortOrder"":6}]","[{""priceList"":""minorista"",""currency"":""USD"",""netPrice"":123.01,""taxRate"":21}]","[]"
"880 0019-009","VARILLA PLASTINA CON ESTRIBO CINTA E HILO 1,20 mts ","Speedrite","Electrificación Accesorios","Varilla plástica con estribo para cinta e hilo - 1,20m","Varilla plástica Speedrite de 1,20 metros, con estribo (pisador) para facilitar su clavado en el suelo, diseñada para sostener hilo o cinta electroplástica en instalaciones de cerco eléctrico temporario. Código/SKU: 880 0019-009.","4.59","USD","true","false","[]","[{""label"":""Código"",""value"":""880 0019-009"",""sortOrder"":1},{""label"":""Marca"",""value"":""Speedrite"",""sortOrder"":2},{""label"":""Categoría"",""value"":""Electrificación Accesorios"",""sortOrder"":3},{""label"":""Longitud"",""value"":""1,20 m"",""sortOrder"":4},{""label"":""Compatibilidad"",""value"":""Hilo y cinta electroplástica"",""sortOrder"":5}]","[{""priceList"":""minorista"",""currency"":""USD"",""netPrice"":6.2,""taxRate"":21}]","[]"
"985 0000-C00","BOLO Z72 HDX ","TruTest","IDENTIFICACION","Bolo intra-ruminal electrónico Z72 HDX","Bolo (bolus) ruminal electrónico Datamars con tecnología HDX, dispositivo de identificación interna que permanece de por vida en el retículo del animal sin afectar su salud ni rendimiento. Apto para bovinos, búfalos, ovinos y caprinos, ofrece identificación permanente e inviolable, con lectura eficiente incluso a través de fluidos. Código/SKU: 985 0000-C00.","3.33","USD","true","false","[{""url"":""https://res.cloudinary.com/dqcb3hmi3/image/upload/v1785780369/ifedel/products/985%200000-C00/s3veffa1ycwqemesygie.png"",""isPrimary"":true,""sortOrder"":0}]","[{""label"":""Código"",""value"":""985 0000-C00"",""sortOrder"":1},{""label"":""Marca"",""value"":""Datamars"",""sortOrder"":2},{""label"":""Categoría"",""value"":""IDENTIFICACION"",""sortOrder"":3},{""label"":""Tecnología"",""value"":""HDX"",""sortOrder"":4},{""label"":""Tipo"",""value"":""Bolo intra-ruminal"",""sortOrder"":5},{""label"":""Compatibilidad"",""value"":""Bovinos, búfalos, ovinos y caprinos"",""sortOrder"":6}]","[{""priceList"":""minorista"",""currency"":""USD"",""netPrice"":4.5,""taxRate"":10.5}]","[]"
"986 0000-449","CARAVANA OFICIAL SENASA BINOMIO FDX VERDE PATAGONIA","TruTest","IDENTIFICACION","Caravana oficial SENASA binomio FDX Verde Patagonia","Conjunto binomio (caravana visual + electrónica) oficial SENASA para identificación bovina, tecnología FDX (lectura de proximidad), color verde correspondiente a la región Patagonia. Incluye numeración según normativa de trazabilidad SENASA.","1.65","USD","true","false","[{""url"":""https://res.cloudinary.com/dqcb3hmi3/image/upload/v1785780488/ifedel/products/986%200000-449/fws48wflsgb2ajiqix69.webp"",""isPrimary"":true,""sortOrder"":0}]","[{""label"":""Código"",""value"":""986 0000-449"",""sortOrder"":1},{""label"":""Marca"",""value"":""Datamars"",""sortOrder"":2},{""label"":""Categoría"",""value"":""IDENTIFICACION"",""sortOrder"":3},{""label"":""Tecnología"",""value"":""FDX (proximidad)"",""sortOrder"":4},{""label"":""Color"",""value"":""Verde Patagonia"",""sortOrder"":5},{""label"":""Certificación"",""value"":""Oficial SENASA"",""sortOrder"":6}]","[{""priceList"":""minorista"",""currency"":""USD"",""netPrice"":2,""taxRate"":10.5}]","[]"
"992 4000-LAT","CHIP NEEDLE KIT IN BOX OF 100 ,PISTOL MULTI-USAGE, SEALED AND STERILIZED ","TruTest","IDENTIFICACION","Chip needle kit - caja x100, pistola multiuso, sellado y esterilizado","Kit de microchips inyectables Datamars, en caja de 100 unidades, para pistola de aplicación multiuso. Cada unidad viene sellada y esterilizada, lista para su implante individual en la identificación electrónica de mascotas o animales de compañía. Código/SKU: 992 4000-LAT.","2.64","USD","true","false","[]","[{""label"":""Código"",""value"":""992 4000-LAT"",""sortOrder"":1},{""label"":""Marca"",""value"":""Datamars"",""sortOrder"":2},{""label"":""Categoría"",""value"":""IDENTIFICACION"",""sortOrder"":3},{""label"":""Contenido"",""value"":""Caja x 100 unidades"",""sortOrder"":4},{""label"":""Presentación"",""value"":""Sellado y esterilizado, individual"",""sortOrder"":5},{""label"":""Compatibilidad"",""value"":""Pistola multiuso"",""sortOrder"":6}]","[{""priceList"":""minorista"",""currency"":""USD"",""netPrice"":3.56,""taxRate"":10.5}]","[]"
"996 0000-LAT","T-IS 8010 STANDARD IN BOX OF 10 - LAT","TruTest","IDENTIFICACION","T-IS 8010 Standard - caja x10","Microchip inyectable Datamars T-IS 8010 Standard, presentado en caja de 10 unidades, para la identificación electrónica individual de mascotas o animales de compañía mediante tecnología RFID. Código/SKU: 996 0000-LAT.","3.75","USD","true","false","[]","[{""label"":""Código"",""value"":""996 0000-LAT"",""sortOrder"":1},{""label"":""Marca"",""value"":""Datamars"",""sortOrder"":2},{""label"":""Categoría"",""value"":""IDENTIFICACION"",""sortOrder"":3},{""label"":""Contenido"",""value"":""Caja x 10 unidades"",""sortOrder"":4},{""label"":""Modelo"",""value"":""T-IS 8010 Standard"",""sortOrder"":5}]","[{""priceList"":""minorista"",""currency"":""USD"",""netPrice"":5.06,""taxRate"":10.5}]","[]"
"APAKC3-1.5M4.5M","Gripple, A Pack 3","GRIPPLE","Gripple","Gripple A Pack 3 - kit de arriostramiento","Kit completo de arriostramiento (bracing) Gripple A Pack 3, listo para usar, que permite anclar y tensar un punto contra otro de forma rápida en postes de cerco o espaldera, sin recurrir a anclajes helicoidales o tensores tradicionales. Código/SKU: APAKC3-1.5M4.5M.","11.31","USD","true","false","[]","[{""label"":""Código"",""value"":""APAKC3-1.5M4.5M"",""sortOrder"":1},{""label"":""Marca"",""value"":""Gripple"",""sortOrder"":2},{""label"":""Categoría"",""value"":""Gripple"",""sortOrder"":3},{""label"":""Modelo"",""value"":""A Pack 3"",""sortOrder"":4}]","[{""priceList"":""minorista"",""currency"":""USD"",""netPrice"":14.7,""taxRate"":21}]","[]"
"BAT100","BATERIA GEL AGM  CICLO PROFUNDO 100 Ah 12V","Tmc.Agro","Electrificación Energizadores","Batería GEL AGM ciclo profundo 100Ah 12V","Batería GEL AGM de ciclo profundo, 12V y 100Ah, indicada para alimentar energizadores de cerco eléctrico, sistemas solares y otras aplicaciones de respaldo de energía. La tecnología AGM/GEL permite un alto número de ciclos de carga y descarga, baja autodescarga para largos períodos de almacenamiento sin recarga, y al no contener ácido líquido puede instalarse en cualquier posición sin riesgo de derrame. Código/SKU: BAT100.","238.98","USD","true","false","[]","[{""label"":""Código"",""value"":""BAT100"",""sortOrder"":1},{""label"":""Marca"",""value"":""TMC.agro"",""sortOrder"":2},{""label"":""Categoría"",""value"":""Electrificación Energizadores"",""sortOrder"":3},{""label"":""Voltaje"",""value"":""12V"",""sortOrder"":4},{""label"":""Capacidad"",""value"":""100 Ah"",""sortOrder"":5},{""label"":""Tecnología"",""value"":""GEL AGM ciclo profundo"",""sortOrder"":6}]","[{""priceList"":""minorista"",""currency"":""USD"",""netPrice"":310.67,""taxRate"":21}]","[]"
"BAT200","BATERIA GEL AGM  CICLO PROFUNDO 200 Ah 12V","Tmc.Agro","Electrificación Energizadores","Batería GEL AGM ciclo profundo 200Ah 12V","Batería GEL AGM de ciclo profundo, 12V y 200Ah, indicada para alimentar energizadores de cerco eléctrico, sistemas solares y otras aplicaciones de respaldo de energía. La tecnología AGM/GEL permite un alto número de ciclos de carga y descarga, baja autodescarga para largos períodos de almacenamiento sin recarga, y al no contener ácido líquido puede instalarse en cualquier posición sin riesgo de derrame. Código/SKU: BAT200.","444.38","USD","true","false","[]","[{""label"":""Código"",""value"":""BAT200"",""sortOrder"":1},{""label"":""Marca"",""value"":""TMC.agro"",""sortOrder"":2},{""label"":""Categoría"",""value"":""Electrificación Energizadores"",""sortOrder"":3},{""label"":""Voltaje"",""value"":""12V"",""sortOrder"":4},{""label"":""Capacidad"",""value"":""200 Ah"",""sortOrder"":5},{""label"":""Tecnología"",""value"":""GEL AGM ciclo profundo"",""sortOrder"":6}]","[{""priceList"":""minorista"",""currency"":""USD"",""netPrice"":577.69,""taxRate"":21}]","[]"
"BAT22","BATERIA GEL AGM  CICLO PROFUNDO 22 Ah 12V","Tmc.Agro","Electrificación Energizadores","Batería GEL AGM ciclo profundo 22Ah 12V","Batería GEL AGM de ciclo profundo, 12V y 22Ah, indicada para alimentar energizadores de cerco eléctrico, sistemas solares y otras aplicaciones de respaldo de energía. La tecnología AGM/GEL permite un alto número de ciclos de carga y descarga, baja autodescarga para largos períodos de almacenamiento sin recarga, y al no contener ácido líquido puede instalarse en cualquier posición sin riesgo de derrame. Código/SKU: BAT22.","88.88","USD","true","false","[]","[{""label"":""Código"",""value"":""BAT22"",""sortOrder"":1},{""label"":""Marca"",""value"":""TMC.agro"",""sortOrder"":2},{""label"":""Categoría"",""value"":""Electrificación Energizadores"",""sortOrder"":3},{""label"":""Voltaje"",""value"":""12V"",""sortOrder"":4},{""label"":""Capacidad"",""value"":""22 Ah"",""sortOrder"":5},{""label"":""Tecnología"",""value"":""GEL AGM ciclo profundo"",""sortOrder"":6}]","[{""priceList"":""minorista"",""currency"":""USD"",""netPrice"":115.54,""taxRate"":21}]","[]"
"BAT55","BATERIA GEL AGM  CICLO PROFUNDO 55 Ah 12V","Tmc.Agro","Electrificación Energizadores","Batería GEL AGM ciclo profundo 55Ah 12V","Batería GEL AGM de ciclo profundo, 12V y 55Ah, indicada para alimentar energizadores de cerco eléctrico, sistemas solares y otras aplicaciones de respaldo de energía. La tecnología AGM/GEL permite un alto número de ciclos de carga y descarga, baja autodescarga para largos períodos de almacenamiento sin recarga, y al no contener ácido líquido puede instalarse en cualquier posición sin riesgo de derrame. Código/SKU: BAT55.","162.94","USD","true","false","[]","[{""label"":""Código"",""value"":""BAT55"",""sortOrder"":1},{""label"":""Marca"",""value"":""TMC.agro"",""sortOrder"":2},{""label"":""Categoría"",""value"":""Electrificación Energizadores"",""sortOrder"":3},{""label"":""Voltaje"",""value"":""12V"",""sortOrder"":4},{""label"":""Capacidad"",""value"":""55 Ah"",""sortOrder"":5},{""label"":""Tecnología"",""value"":""GEL AGM ciclo profundo"",""sortOrder"":6}]","[{""priceList"":""minorista"",""currency"":""USD"",""netPrice"":211.82,""taxRate"":21}]","[]"
"BTWIST-BB","Gripple, GP Twister ","GRIPPLE","Gripple","Gripple GP Twister","Accesorio Gripple GP Twister, utilizado para asegurar y enrollar prolijamente las colas de alambre sobrantes luego de tensar una unión Gripple, evitando puntas filosas expuestas. Código/SKU: BTWIST-BB.","0.12","USD","true","false","[{""url"":""https://res.cloudinary.com/dqcb3hmi3/image/upload/v1785426601/ifedel/products/BTWIST-BB/osxffpq7d2nrqygmw3fm.jpg"",""isPrimary"":true,""sortOrder"":0},{""url"":""https://res.cloudinary.com/dqcb3hmi3/image/upload/v1785426605/ifedel/products/BTWIST-BB/egacuqljlgbc1v5kh4ws.jpg"",""isPrimary"":false,""sortOrder"":1},{""url"":""https://res.cloudinary.com/dqcb3hmi3/image/upload/v1785426608/ifedel/products/BTWIST-BB/knko0p2i7bemihioevpu.jpg"",""isPrimary"":false,""sortOrder"":2}]","[{""label"":""Código"",""value"":""BTWIST-BB"",""sortOrder"":1},{""label"":""Marca"",""value"":""Gripple"",""sortOrder"":2},{""label"":""Categoría"",""value"":""Gripple"",""sortOrder"":3}]","[{""priceList"":""minorista"",""currency"":""USD"",""netPrice"":0.15,""taxRate"":21}]","[]"
"CBZP-295","LiliPRO Cuchilla ZP295","LiliPro","Peines y cortantes","LiliPRO Cuchilla de repuesto para Trimmer ZP295","Cuchilla de repuesto original LiliPRO para la peladora ZP-295, con recubrimiento de cerámica y titanio para un corte preciso y de menor desgaste. Permite renovar el filo de corte del equipo sin necesidad de reemplazar la máquina completa. Código/SKU: CBZP-295.","6.91","USD","true","false","[{""url"":""https://res.cloudinary.com/dqcb3hmi3/image/upload/v1785431704/ifedel/products/CBZP-295/siyu1shjwpzyn23wirxy.jpg"",""isPrimary"":true,""sortOrder"":0},{""url"":""https://res.cloudinary.com/dqcb3hmi3/image/upload/v1785431708/ifedel/products/CBZP-295/m1uzxhg1a08onkcqa3rm.jpg"",""isPrimary"":false,""sortOrder"":1},{""url"":""https://res.cloudinary.com/dqcb3hmi3/image/upload/v1785431712/ifedel/products/CBZP-295/ztadierutqrhofhubwsi.png"",""isPrimary"":false,""sortOrder"":2}]","[{""label"":""Código"",""value"":""CBZP-295"",""sortOrder"":1},{""label"":""Marca"",""value"":""LiliPro"",""sortOrder"":2},{""label"":""Compatibilidad"",""value"":""Trimmer ZP-295"",""sortOrder"":3},{""label"":""Material"",""value"":""Cerámica con recubrimiento de titanio"",""sortOrder"":4}]","[{""priceList"":""minorista"",""currency"":""USD"",""netPrice"":8.99,""taxRate"":21}]","[]"
"CUTTER-GRIPPLE","Gripple Pinza corta alambre","GRIPPLE","Gripple","Gripple pinza corta alambre","Pinza corta alambre Gripple, herramienta complementaria para el corte del alambre durante la instalación, reparación o retensado de cercos con el sistema Gripple. Código/SKU: CUTTER-GRIPPLE.","36.54","USD","true","false","[]","[{""label"":""Código"",""value"":""CUTTER-GRIPPLE"",""sortOrder"":1},{""label"":""Marca"",""value"":""Gripple"",""sortOrder"":2},{""label"":""Categoría"",""value"":""Gripple"",""sortOrder"":3}]","[{""priceList"":""minorista"",""currency"":""USD"",""netPrice"":47.5,""taxRate"":21}]","[]"
"DR-34-1.4M","Gripple, Prof. Heavy-duty instal. bar for Ancla 3 1 mt.","GRIPPLE","Gripple","Gripple barra de instalación profesional heavy-duty para Anchor 3 (1m)","Barra de instalación profesional Gripple de alta resistencia, de 1 metro, utilizada para clavar en el suelo los anclajes Gripple Anchor 3 en sistemas de arriostramiento de postes (bracing) para cercos y espalderas. Código/SKU: DR-34-1.4M.","120.48","USD","true","false","[{""url"":""https://res.cloudinary.com/dqcb3hmi3/image/upload/v1785426481/ifedel/products/DR-34-1.4M/xrqswxphw6tllp5zgoi2.jpg"",""isPrimary"":true,""sortOrder"":0},{""url"":""https://res.cloudinary.com/dqcb3hmi3/image/upload/v1785426484/ifedel/products/DR-34-1.4M/kvud2c8815ldxrykuy7s.jpg"",""isPrimary"":false,""sortOrder"":1},{""url"":""https://res.cloudinary.com/dqcb3hmi3/image/upload/v1785426487/ifedel/products/DR-34-1.4M/u72zxlq9fyyozuvvcxxs.jpg"",""isPrimary"":false,""sortOrder"":2}]","[{""label"":""Código"",""value"":""DR-34-1.4M"",""sortOrder"":1},{""label"":""Marca"",""value"":""Gripple"",""sortOrder"":2},{""label"":""Categoría"",""value"":""Gripple"",""sortOrder"":3},{""label"":""Longitud"",""value"":""1 m"",""sortOrder"":4},{""label"":""Uso"",""value"":""Instalación de Anchor 3"",""sortOrder"":5}]","[{""priceList"":""minorista"",""currency"":""USD"",""netPrice"":156.62,""taxRate"":21}]","[]"
"DR-34-1.8M","Gripple, Prof. Heavy-duty instal. bar 1,5 mt.","GRIPPLE","Gripple","Gripple barra de instalación profesional heavy-duty (1,5m)","Barra de instalación profesional Gripple de alta resistencia, de 1,5 metros, utilizada para clavar en el suelo los anclajes Gripple en sistemas de arriostramiento de postes (bracing) para cercos y espalderas. Código/SKU: DR-34-1.8M.","161.95","USD","true","false","[{""url"":""https://res.cloudinary.com/dqcb3hmi3/image/upload/v1785426516/ifedel/products/DR-34-1.8M/yk1bvsokxrudsbxwwcgu.jpg"",""isPrimary"":true,""sortOrder"":0},{""url"":""https://res.cloudinary.com/dqcb3hmi3/image/upload/v1785426520/ifedel/products/DR-34-1.8M/xqkdoiitnho1muolnpoo.jpg"",""isPrimary"":false,""sortOrder"":1},{""url"":""https://res.cloudinary.com/dqcb3hmi3/image/upload/v1785426525/ifedel/products/DR-34-1.8M/pa5nwhtar8uga8ddtywg.jpg"",""isPrimary"":false,""sortOrder"":2}]","[{""label"":""Código"",""value"":""DR-34-1.8M"",""sortOrder"":1},{""label"":""Marca"",""value"":""Gripple"",""sortOrder"":2},{""label"":""Categoría"",""value"":""Gripple"",""sortOrder"":3},{""label"":""Longitud"",""value"":""1,5 m"",""sortOrder"":4},{""label"":""Uso"",""value"":""Instalación de anclajes Gripple"",""sortOrder"":5}]","[{""priceList"":""minorista"",""currency"":""USD"",""netPrice"":210.54,""taxRate"":21}]","[]"
"EC20-400-AR-P","Plato Medidor de Pasturas JENQUIP","Jenquip","Pasturometro","Pasturómetro Jenquip para medición de pasto","Plato Medidor de Pasturas JENQUIP. Pasturómetro para medición y estimación de disponibilidad de forraje, útil para planificar el pastoreo. Ayuda a tomar decisiones basadas en datos y a mejorar la eficiencia del manejo. Código/SKU: EC20-400-AR-P.","1283.75","USD","true","false","[{""url"":""https://res.cloudinary.com/dqcb3hmi3/image/upload/v1785431593/ifedel/products/EC20-400-AR-P/aedkjobo7yivfybk9mlq.png"",""isPrimary"":true,""sortOrder"":0},{""url"":""https://res.cloudinary.com/dqcb3hmi3/image/upload/v1785431597/ifedel/products/EC20-400-AR-P/bjbvfaejdpzywzklqf0l.jpg"",""isPrimary"":false,""sortOrder"":1}]","[{""label"":""Código"",""value"":""EC20-400-AR-P"",""sortOrder"":1},{""label"":""Marca"",""value"":""Jenquip"",""sortOrder"":2},{""label"":""Categoría"",""value"":""Pasturometro"",""sortOrder"":3}]","[{""priceList"":""minorista"",""currency"":""USD"",""netPrice"":1668.88,""taxRate"":21}]","[]"
"FA177","Manija aislada naranja (paquete de 10)","Tmc.Agro","Electrificación Accesorios","Manija aislada naranja para cerco eléctrico - Pack 10 unidades","Manija aislada color naranja para la apertura y cierre manual de tranqueras en cercos eléctricos. Su diseño de punta con anillo (Ring Top) evita que se desconecte del cerco, permitiendo recuperarla fácilmente entre las pasturas y evitando los inconvenientes habituales de los cercos portátiles. Presentación en pack de 10 unidades. Código/SKU: FA177.","14.81","USD","true","false","[{""url"":""https://res.cloudinary.com/dqcb3hmi3/image/upload/v1785424099/ifedel/products/FA177/lfdjhytw8q3hmx0y1349.jpg"",""isPrimary"":true,""sortOrder"":0}]","[{""label"":""Código"",""value"":""FA177"",""sortOrder"":1},{""label"":""Marca"",""value"":""TMC.agro"",""sortOrder"":2},{""label"":""Categoría"",""value"":""Electrificación Accesorios"",""sortOrder"":3},{""label"":""Color"",""value"":""Naranja"",""sortOrder"":4},{""label"":""Contenido"",""value"":""10 unidades"",""sortOrder"":5}]","[{""priceList"":""minorista"",""currency"":""USD"",""netPrice"":19.26,""taxRate"":21}]","[]"
"FA505-10","Clip galvanizado para varilla de fibra de vidrio 10mm","Tmc.Agro","Electrificación Accesorios","Clip galvanizado para varilla de fibra de vidrio 10mm","Clip de acero galvanizado utilizado para fijar el alambre o hilo electroplástico a varillas de fibra de vidrio de 10mm de diámetro en cercos eléctricos. Código/SKU: FA505-10.","0.2","USD","true","false","[{""url"":""https://res.cloudinary.com/dqcb3hmi3/image/upload/v1785780768/ifedel/products/FA505-10/h9bnyf2tgj9niwoyndrs.jpg"",""isPrimary"":true,""sortOrder"":0}]","[{""label"":""Código"",""value"":""FA505-10"",""sortOrder"":1},{""label"":""Marca"",""value"":""TMC.agro"",""sortOrder"":2},{""label"":""Categoría"",""value"":""Electrificación Accesorios"",""sortOrder"":3},{""label"":""Material"",""value"":""Acero galvanizado"",""sortOrder"":4},{""label"":""Compatibilidad"",""value"":""Varillas de fibra de vidrio 10mm"",""sortOrder"":5}]","[{""priceList"":""minorista"",""currency"":""USD"",""netPrice"":0.26,""taxRate"":21}]","[]"
"FC204-1.4","Varilla de fibra de vidrio 10x1400mm + 2 Clips","Tmc.Agro","Postes y Varillas","Varilla de fibra de vidrio 10x1400mm con 2 clips","Varilla de fibra de vidrio marca TMC.Agro de 10mm de diámetro y 1400mm de longitud, utilizada como poste liviano y resistente en cercos eléctricos permanentes o de subdivisión de potreros. Incluye 2 clips para la sujeción del alambre. Código/SKU: FC204-1.4.","1.78","USD","true","false","[]","[{""label"":""Código"",""value"":""FC204-1.4"",""sortOrder"":1},{""label"":""Marca"",""value"":""TMC.agro"",""sortOrder"":2},{""label"":""Categoría"",""value"":""Electrificación Accesorios"",""sortOrder"":3},{""label"":""Diámetro"",""value"":""10 mm"",""sortOrder"":4},{""label"":""Longitud"",""value"":""1400 mm"",""sortOrder"":5},{""label"":""Incluye"",""value"":""2 clips"",""sortOrder"":6}]","[{""priceList"":""minorista"",""currency"":""USD"",""netPrice"":2.31,""taxRate"":21}]","[]"
"FL1289","FOXLIGHTS","Foxlights","Granja","Producto para granja Foxlights","FOXLIGHTS. Producto orientado a tareas y necesidades típicas de granja. Diseñado para facilitar el trabajo diario con foco en practicidad y resistencia. Código/SKU: FL1289.","143.19","USD","true","false","[{""url"":""https://res.cloudinary.com/dqcb3hmi3/image/upload/v1785354567/ifedel/products/FL1289/t6ngaljxywr8qpmmv6gj.jpg"",""isPrimary"":true,""sortOrder"":0},{""url"":""https://res.cloudinary.com/dqcb3hmi3/image/upload/v1785354572/ifedel/products/FL1289/kmtw95ufdlx5brnslonu.jpg"",""isPrimary"":false,""sortOrder"":1}]","[{""label"":""Código"",""value"":""FL1289"",""sortOrder"":1},{""label"":""Marca"",""value"":""Foxlights"",""sortOrder"":2},{""label"":""Categoría"",""value"":""Granja"",""sortOrder"":3}]","[{""priceList"":""minorista"",""currency"":""USD"",""netPrice"":186.14,""taxRate"":21}]","[]"
"FQ320L","Valvula Torrent MAX","Tmc.Agro","Agua","Solución de agua Tmc.Agro para campo","Valvula Torrent MAX. Producto para sistemas de abastecimiento y manejo de agua en entornos rurales. Aporta practicidad y durabilidad para mejorar la disponibilidad y distribución del recurso hídrico. Código/SKU: FQ320L.","33.58","USD","true","false","[{""url"":""https://res.cloudinary.com/dqcb3hmi3/image/upload/v1785797615/ifedel/products/FQ320L/s7gcvb3hooxk4jjzjiu2.webp"",""isPrimary"":true,""sortOrder"":0},{""url"":""https://res.cloudinary.com/dqcb3hmi3/image/upload/v1785797621/ifedel/products/FQ320L/jakwburpljyxnl43jdgj.webp"",""isPrimary"":false,""sortOrder"":1}]","[{""label"":""Código"",""value"":""FQ320L"",""sortOrder"":1},{""label"":""Marca"",""value"":""Tmc.Agro"",""sortOrder"":2},{""label"":""Categoría"",""value"":""Agua"",""sortOrder"":3}]","[{""priceList"":""minorista"",""currency"":""USD"",""netPrice"":43.65,""taxRate"":21}]","[]"
"FT103","TMC Carretel vacio con engranajes 3:1","Tmc.Agro","Electrificación Accesorios","Accesorio para cerco eléctrico Tmc.Agro","TMC Carretel vacio con engranajes 3:1. Accesorio para cerco eléctrico diseñado para una instalación prolija y durable. Contribuye a la correcta conducción, sujeción o conexión según el componente, manteniendo la eficiencia del sistema. Código/SKU: FT103.","37.53","USD","true","false","[{""url"":""https://res.cloudinary.com/dqcb3hmi3/image/upload/v1785423670/ifedel/products/FT103/pgb4dibyczhqejgxbobm.jpg"",""isPrimary"":true,""sortOrder"":0},{""url"":""https://res.cloudinary.com/dqcb3hmi3/image/upload/v1785423674/ifedel/products/FT103/on0eatasnoicmlyejpsk.jpg"",""isPrimary"":false,""sortOrder"":1}]","[{""label"":""Código"",""value"":""FT103"",""sortOrder"":1},{""label"":""Marca"",""value"":""Tmc.Agro"",""sortOrder"":2},{""label"":""Categoría"",""value"":""Electrificación Accesorios"",""sortOrder"":3}]","[{""priceList"":""minorista"",""currency"":""USD"",""netPrice"":48.78,""taxRate"":21}]","[]"
"G-02606","Gallagher Balanza TWR5","GALLAGHER","Pesaje e IDE","Báscula portátil de alta precisión con lector EID integrado para pesaje, registro y clasificación de animales.","La Gallagher TWR-5 es una báscula avanzada diseñada para el manejo de animales que combina pesaje, recopilación y gestión de datos en un solo equipo. Posee pantalla táctil legible en exteriores, conectividad (Bluetooth/Wi-Fi), memoria interna y compatibilidad con aplicaciones Gallagher para sincronizar datos fácilmente. Ideal para uso en campo y operaciones ganaderas que requieren análisis detallado de rendimiento animal.","","","true","false","[{""url"":""https://res.cloudinary.com/dqcb3hmi3/image/upload/v1772566636/ifedel/products/G-02606/i38eaulbzfbr24g2vzua.jpg"",""isPrimary"":true,""sortOrder"":0},{""url"":""https://res.cloudinary.com/dqcb3hmi3/image/upload/v1772566644/ifedel/products/G-02606/bcfv3vdv015gtnfcsam5.jpg"",""isPrimary"":false,""sortOrder"":1},{""url"":""https://res.cloudinary.com/dqcb3hmi3/image/upload/v1772566654/ifedel/products/G-02606/fwhebf8sggaunsn6ns7e.jpg"",""isPrimary"":false,""sortOrder"":2}]","[{""label"":""Pantalla"",""value"":""Táctil color legible a la luz solar"",""sortOrder"":0},{""label"":""Lectura EID"",""value"":""Integrada (ISO HDX y FDX-B)"",""sortOrder"":1},{""label"":""Conectividad"",""value"":""Bluetooth y Wi-Fi"",""sortOrder"":2},{""label"":""Registro de datos"",""value"":""Hasta 9 rasgos por animal"",""sortOrder"":3},{""label"":""Compatibilidad"",""value"":""Barras de carga Gallagher (incluye inalámbricas)"",""sortOrder"":4},{""label"":""Almacenamiento"",""value"":""Memoria interna para registros de animales"",""sortOrder"":5},{""label"":""Alimentación"",""value"":""Batería recargable interna"",""sortOrder"":6},{""label"":""Construcción"",""value"":""Carcasa robusta para uso en campo"",""sortOrder"":7}]","[{""priceList"":""minorista"",""currency"":""USD"",""netPrice"":4337.048743,""taxRate"":10.5}]","[]"
"G-37913","Gallagher Electrificador M12000i","GALLAGHER","Electrificación Energizadores","Energizador de cercas de alta potencia con tecnología Serie i para monitoreo inteligente 24/7.","","","","true","false","[{""url"":""https://res.cloudinary.com/dqcb3hmi3/image/upload/v1785796871/ifedel/products/G-37913/dmfsig5cy47nipnnwhde.webp"",""isPrimary"":true,""sortOrder"":0},{""url"":""https://res.cloudinary.com/dqcb3hmi3/image/upload/v1785796929/ifedel/products/G-37913/j6ivvrkluu6qiugykje5.webp"",""isPrimary"":false,""sortOrder"":1},{""url"":""https://res.cloudinary.com/dqcb3hmi3/image/upload/v1785796933/ifedel/products/G-37913/uerwdrvilwwaydsjaenn.webp"",""isPrimary"":false,""sortOrder"":2}]","[{""label"":""Tipo"",""value"":""Energizador eléctrico de red 220V"",""sortOrder"":0},{""label"":""Energía almacenada"",""value"":""120 J"",""sortOrder"":1},{""label"":""Energía de salida"",""value"":""84 J"",""sortOrder"":2},{""label"":""Alcance máximo"",""value"":""Hasta 60 km de cerca (ideal condiciones)"",""sortOrder"":3},{""label"":""Tecnología"",""value"":""Serie i con monitoreo inteligente 24/7"",""sortOrder"":4},{""label"":""Control remoto"",""value"":""Compatible con módulos Wi-Fi / SMS"",""sortOrder"":5},{""label"":""Dimensiones"",""value"":""310 x 430 x 140 mm"",""sortOrder"":6},{""label"":""Peso"",""value"":""Aproximadamente 9.9 kg"",""sortOrder"":7},{""label"":""Garantía"",""value"":""3 años"",""sortOrder"":8}]","[{""priceList"":""minorista"",""currency"":""USD"",""netPrice"":5107.775771,""taxRate"":0}]","[]"
"G02500","Gallagher Balanza W0","GALLAGHER","Pesaje e IDE","Indicador de pesaje básico con Bluetooth para registro en app.","El W-0 es el indicador de pesaje de entrada de gama de Gallagher, pensado para productores que necesitan comenzar a registrar pesos de manera simple y confiable. Permite trabajar en manga o en campo y enviar los datos vía Bluetooth a la aplicación Gallagher Animal Performance para seguimiento y análisis posterior. Cuenta con batería interna recargable de larga duración y una interfaz clara para uso a la intemperie. Ideal para pesajes rutinarios y control básico de desempeño.","529.85","USD","true","true","[{""url"":""https://res.cloudinary.com/dqcb3hmi3/image/upload/v1772566718/ifedel/products/G02500/ka1l1tkxqymimpxane3q.jpg"",""isPrimary"":true,""sortOrder"":0},{""url"":""https://res.cloudinary.com/dqcb3hmi3/image/upload/v1772566708/ifedel/products/G02500/t3h7rjnozxbajstfdvil.jpg"",""isPrimary"":false,""sortOrder"":1}]","[{""label"":""Código"",""value"":""G02500"",""sortOrder"":1},{""label"":""Marca"",""value"":""Gallagher"",""sortOrder"":2},{""label"":""Categoría"",""value"":""Pesaje e IDE"",""sortOrder"":3},{""label"":""Modelo"",""value"":""W-0"",""sortOrder"":6},{""label"":""Tipo "",""value"":""Indicador de pesaje"",""sortOrder"":7},{""label"":""App compatible"",""value"":""Gallagher Animal Performance"",""sortOrder"":8},{""label"":""Uso recomendado"",""value"":""Pesaje básico y registro de sesiones"",""sortOrder"":9},{""label"":""Pantalla"",""value"":""LCD de alta visibilidad"",""sortOrder"":10},{""label"":""Batería"",""value"":""Interna recargable"",""sortOrder"":11},{""label"":""Bluetooth"",""value"":""Sí"",""sortOrder"":12}]","[{""priceList"":""minorista"",""currency"":""USD"",""netPrice"":688.81,""taxRate"":10.5}]","[{""type"":""manual"",""url"":""https://am.gallagher.com/-/media/Bynder/Animal-Management/Document/All-GGL-Manuals/W-0-Weigh-Scale-Quick-Start-Guide-original.pdf""}]"
"G02501","Gallagher Balanza W1","GALLAGHER","Pesaje e IDE","Indicador de pesaje con Wi-Fi y compatibilidad EID.","El W-1 es un indicador de pesaje diseñado para dar el paso desde el pesaje básico hacia un manejo más estructurado por animal o lote. Permite sincronización Wi-Fi con plataformas de gestión, es compatible con lectura EID (mediante antena/lector compatible) y trabaja tanto con barras cableadas como inalámbricas. Ideal para establecimientos que buscan mejorar control productivo sin ir a un sistema completamente avanzado.","1447.18","USD","true","true","[{""url"":""https://res.cloudinary.com/dqcb3hmi3/image/upload/v1772566769/ifedel/products/G02501/rrsisrr47nkjbrqoed8f.jpg"",""isPrimary"":true,""sortOrder"":0},{""url"":""https://res.cloudinary.com/dqcb3hmi3/image/upload/v1772566778/ifedel/products/G02501/wpey2nstiqcardiwgrd9.jpg"",""isPrimary"":false,""sortOrder"":1}]","[{""label"":""Código"",""value"":""G02501"",""sortOrder"":1},{""label"":""Marca"",""value"":""Gallagher"",""sortOrder"":2},{""label"":""Tipo"",""value"":""Indicador de pesaje y colector de datos"",""sortOrder"":3},{""label"":""Modelo "",""value"":""W-1"",""sortOrder"":3},{""label"":""Wi-Fi"",""value"":""Sí"",""sortOrder"":4},{""label"":""Bluetooth"",""value"":""Sí"",""sortOrder"":5},{""label"":""Compatibilidad EID"",""value"":""Sí (con lector compatible)"",""sortOrder"":6},{""label"":""Compatibilidad loadbars"",""value"":""Cableadas e inalámbricas"",""sortOrder"":7},{""label"":""Batería "",""value"":""Litio recargable"",""sortOrder"":8},{""label"":""Uso recomendado"",""value"":""Pesaje + registro por animal"",""sortOrder"":9}]","[{""priceList"":""minorista"",""currency"":""USD"",""netPrice"":1808.98,""taxRate"":10.5}]","[{""type"":""manual"",""url"":""https://am.gallagher.com/-/media/Bynder/Animal-Management/Document/All-GGL-Manuals/W-1-Weigh-Scale-User-Guide-original.pdf""}]"
"G02603","Gallagher Balanza TW3","GALLAGHER","Pesaje e IDE","Balanza táctil 7” con registro de datos productivos.","El TW-3 es un indicador de pesaje con pantalla táctil de alta visibilidad diseñado para uso intensivo en campo. Permite registrar hasta 3 atributos productivos por animal además del peso, facilitando análisis posteriores y toma de decisiones. Cuenta con conectividad Wi-Fi y Bluetooth para sincronización con la plataforma Gallagher Animal Performance. Es ideal para establecimientos que necesitan combinar pesaje con gestión de datos productivos.","2666.43","USD","true","false","[{""url"":""https://res.cloudinary.com/dqcb3hmi3/image/upload/v1772566558/ifedel/products/G02603/zqvozvuwwzknjkrrctuc.jpg"",""isPrimary"":true,""sortOrder"":0},{""url"":""https://res.cloudinary.com/dqcb3hmi3/image/upload/v1772566567/ifedel/products/G02603/szcby7w5tpgk8wn5fytm.jpg"",""isPrimary"":false,""sortOrder"":1},{""url"":""https://res.cloudinary.com/dqcb3hmi3/image/upload/v1772566580/ifedel/products/G02603/xlivwoqk8rwcdy6kxe6f.jpg"",""isPrimary"":false,""sortOrder"":2}]","[{""label"":""Código"",""value"":""G02603"",""sortOrder"":1},{""label"":""Marca"",""value"":""Gallagher"",""sortOrder"":2},{""label"":""Modelo "",""value"":""TW-3"",""sortOrder"":2},{""label"":""Pantalla"",""value"":""Táctil 7\"" visible a pleno sol "",""sortOrder"":3},{""label"":""Wi-Fi"",""value"":""Sí"",""sortOrder"":4},{""label"":""Bluetooth"",""value"":""Sí"",""sortOrder"":5},{""label"":""Traits por animal "",""value"":""Hasta 3"",""sortOrder"":6},{""label"":""Compatibilidad EID"",""value"":""Sí (Con lector compatible)"",""sortOrder"":7},{""label"":""Uso recomendado"",""value"":""Pesaje + análisis productivo"",""sortOrder"":8}]","[{""priceList"":""minorista"",""currency"":""USD"",""netPrice"":3333.04,""taxRate"":10.5}]","[{""type"":""manual"",""url"":""https://search.am.gallagher.com/media/9027/3e4401-tw-3-quick-start-guide.pdf""}]"
"G02611","Gallagher Soporte de repuesto para TW","GALLAGHER","Repuestos Gallagher","Soporte de repuesto para balanzas Gallagher TW","Soporte (bracket) de reemplazo original Gallagher para los indicadores de la línea TW (TW-1, TW3, TWR5 y modelos afines). Permite reponer el sistema de montaje de la balanza cuando el original se daña o se pierde, asegurando una fijación firme del equipo de pesaje en manga o corral. Código/SKU: G02611.","77.11","USD","true","false","[]","[{""label"":""Código"",""value"":""G02611"",""sortOrder"":1},{""label"":""Marca"",""value"":""Gallagher"",""sortOrder"":2},{""label"":""Categoría"",""value"":""Repuestos Gallagher"",""sortOrder"":3},{""label"":""Compatibilidad"",""value"":""Balanzas serie TW"",""sortOrder"":4}]","[{""priceList"":""minorista"",""currency"":""USD"",""netPrice"":100.24,""taxRate"":21}]","[]"
"G02612","Placa Balanzas TW - Module Main PCB TW","GALLAGHER","Repuestos Gallagher","Placa madre (Main PCB) de repuesto para balanzas Gallagher TW","Módulo de placa principal (Main PCB) original Gallagher, repuesto para los indicadores de pesaje de la línea TW. Permite reemplazar el componente electrónico central del equipo cuando presenta fallas, restableciendo su funcionamiento sin necesidad de reemplazar la balanza completa. Código/SKU: G02612.","1156.61","USD","true","false","[]","[{""label"":""Código"",""value"":""G02612"",""sortOrder"":1},{""label"":""Marca"",""value"":""Gallagher"",""sortOrder"":2},{""label"":""Categoría"",""value"":""Repuestos Gallagher"",""sortOrder"":3},{""label"":""Compatibilidad"",""value"":""Balanzas serie TW"",""sortOrder"":4}]","[{""priceList"":""minorista"",""currency"":""USD"",""netPrice"":1503.59,""taxRate"":21}]","[]"
"G03112","Antena panel 1,30 x 60 RDR","GALLAGHER","Pesaje e IDE","Antena panel EID 1300×600 compatible HDX y FDX-B.","Antena panel para lectura electrónica de caravanas ISO HDX y FDX-B. Diseñada para instalaciones fijas y lectura en paso. Resistente a la intemperie y de fácil montaje.","1424.76","USD","true","false","[{""url"":""https://res.cloudinary.com/dqcb3hmi3/image/upload/v1772565430/ifedel/products/G03112/zrnakikummpx9iu8lja8.jpg"",""isPrimary"":false,""sortOrder"":0},{""url"":""https://res.cloudinary.com/dqcb3hmi3/image/upload/v1772565460/ifedel/products/G03112/qjr1uozbea5nyqjxnxdu.jpg"",""isPrimary"":true,""sortOrder"":1}]","[{""label"":""Tipo "",""value"":""Antena panel EID"",""sortOrder"":0},{""label"":""Compatibilidad ISO "",""value"":""HDX y FDX-B"",""sortOrder"":1},{""label"":""Uso"",""value"":""Instalación fija / walk-past"",""sortOrder"":2},{""label"":""Protección "",""value"":""Impermeable"",""sortOrder"":3},{""label"":""Dimensiones "",""value"":""1300 x 600 mm"",""sortOrder"":4}]","[{""priceList"":""minorista"",""currency"":""USD"",""netPrice"":1852.19,""taxRate"":10.5}]","[]"
"G03121","Gallagher Antena panel 60 x 40 RDR","GALLAGHER","Pesaje e IDE","Antena panel EID 600×400 compatible HDX y FDX-B.","Antena compacta para lectura EID en instalaciones de pesaje o paso. Compatible con caravanas ISO HDX y FDX-B.","681.38","USD","true","false","[{""url"":""https://res.cloudinary.com/dqcb3hmi3/image/upload/v1772566482/ifedel/products/G03121/sza7bjchcwlh4x1qyqzu.jpg"",""isPrimary"":true,""sortOrder"":0},{""url"":""https://res.cloudinary.com/dqcb3hmi3/image/upload/v1772566493/ifedel/products/G03121/r114ezip63als37rrgzr.jpg"",""isPrimary"":false,""sortOrder"":1}]","[{""label"":""Tipo"",""value"":""Antena panel EID"",""sortOrder"":0},{""label"":""Compatibilidad ISO "",""value"":""HDX y FDX-B"",""sortOrder"":1},{""label"":""Uso "",""value"":""Instalación fija"",""sortOrder"":2},{""label"":""Protección "",""value"":""Impermeable"",""sortOrder"":3},{""label"":""Dimensiones"",""value"":""600 x 400 mm"",""sortOrder"":4}]","[{""priceList"":""minorista"",""currency"":""USD"",""netPrice"":885.79,""taxRate"":10.5}]","[]"
"G03203","Gallagher Dongle BT W310,W610,W810","GALLAGHER","Pesaje e IDE","","","","","true","false","[]","[]","[]","[]"
"G03301","Gallagher Bastón para identificación HR0","GALLAGHER","LECTORES","Lector portátil EID para identificación electrónica de bovinos.","El Gallagher HR0 es un lector portátil de identificación electrónica (EID) diseñado para la lectura rápida y precisa de caravanas RFID compatibles con los estándares ISO 11784/11785 (HDX y FDX-B). Su diseño ergonómico y liviano facilita las tareas de identificación en manga y campo, optimizando la trazabilidad y el manejo del rodeo. Es una herramienta confiable para productores, veterinarios y establecimientos ganaderos que requieren una lectura eficiente y segura de dispositivos electrónicos de identificación.","911.29","USD","true","false","[{""url"":""https://res.cloudinary.com/dqcb3hmi3/image/upload/v1785421869/ifedel/products/G03301/wyae1mz0twwfkgsp2fgu.png"",""isPrimary"":true,""sortOrder"":0},{""url"":""https://res.cloudinary.com/dqcb3hmi3/image/upload/v1785421874/ifedel/products/G03301/r93jop6u1mghwjyfnni6.jpg"",""isPrimary"":false,""sortOrder"":1},{""url"":""https://res.cloudinary.com/dqcb3hmi3/image/upload/v1785421878/ifedel/products/G03301/yekhktndzqguvsqw19bx.jpg"",""isPrimary"":false,""sortOrder"":2}]","[{""label"":""Tipo"",""value"":""Lector portátil EID"",""sortOrder"":0},{""label"":""Tecnología"",""value"":""RFID"",""sortOrder"":0},{""label"":""Compatibilidad"",""value"":""ISO 11784/11785 - HDX y FDX-B"",""sortOrder"":0},{""label"":""Aplicación"",""value"":""Lectura de caravanas electrónicas para identificación animal"",""sortOrder"":0},{""label"":""Marca"",""value"":""Gallagher"",""sortOrder"":0}]","[{""priceList"":""minorista"",""currency"":""USD"",""netPrice"":1093.55,""taxRate"":10.5}]","[]"
"G03302","Bastón para identificación HR4","GALLAGHER","LECTORES","Lector portátil EID tipo bastón Gallagher HR4.","El HR4 es un lector portátil EID profesional diseñado para lectura rápida y confiable de caravanas electrónicas ISO HDX y FDX-B. Su formato tipo bastón permite operar cómodamente en manga o en campo abierto, optimizando tiempos de trabajo en identificación individual.

Cuenta con conectividad Bluetooth para sincronizar datos con la app Gallagher Animal Performance, permitiendo descargar lecturas y gestionarlas posteriormente. Posee memoria interna para almacenar registros y una pantalla visible en exteriores para operación en condiciones reales de campo.

Es una excelente solución para establecimientos que buscan mejorar trazabilidad sin necesidad de un sistema de gestión completamente avanzado.","1299.25","USD","true","false","[{""url"":""https://res.cloudinary.com/dqcb3hmi3/image/upload/v1772565905/ifedel/products/G03302/ttj2oarwzkhzzrpm3bmh.jpg"",""isPrimary"":true,""sortOrder"":0},{""url"":""https://res.cloudinary.com/dqcb3hmi3/image/upload/v1772565879/ifedel/products/G03302/kv5irrrluwmnnydusztm.jpg"",""isPrimary"":false,""sortOrder"":1},{""url"":""https://res.cloudinary.com/dqcb3hmi3/image/upload/v1772565891/ifedel/products/G03302/ta1usryvijzaukoodt7n.jpg"",""isPrimary"":false,""sortOrder"":2},{""url"":""https://res.cloudinary.com/dqcb3hmi3/image/upload/v1772565918/ifedel/products/G03302/wro3jutcrnpyvksza177.jpg"",""isPrimary"":false,""sortOrder"":3}]","[{""label"":""Modelo "",""value"":""HR4"",""sortOrder"":0},{""label"":""Tipo "",""value"":""Lector portátil tipo bastón"",""sortOrder"":1},{""label"":""Compatibilidad ISO"",""value"":""HDX y FDX-B"",""sortOrder"":2},{""label"":""Frecuencia "",""value"":""134.2 kHz (ISO 11784/11785)"",""sortOrder"":3},{""label"":""Conectividad"",""value"":""Bluetooth "",""sortOrder"":4},{""label"":""Memoria interna"",""value"":""Sí"",""sortOrder"":5},{""label"":""Pantalla "",""value"":""LCD de alta visibilidad exterior"",""sortOrder"":6},{""label"":""Protección "",""value"":""Uso intensivo en campo"",""sortOrder"":7},{""label"":""Uso recomendado"",""value"":""Identificación individual y trazabilidad"",""sortOrder"":8}]","[{""priceList"":""minorista"",""currency"":""USD"",""netPrice"":1559.1,""taxRate"":10.5}]","[{""type"":""manual"",""url"":""https://shop.am.gallagher.com/medias/HR4-Hand-Held-Reader-User-Manual-INT?context=bWFzdGVyfHN1cHBvcnR8MzY2NDAxN3xhcHBsaWNhdGlvbi9wZGZ8YURRd0wyZ3pOQzh4TXpjMU5EZzBNVGt5TXpZeE5DOUlValFnU0dGdVpDQklaV3hrSUZKbFlXUmxjaUJWYzJWeUlFMWhiblZoYkNCSlRsUXw1ZjA0MmU3MDRiODczOWM5MTkwZWE2ZTVkZjgxZGU4NjA1NmRiNzc0Y2ExODRhMmQxODMyZTZkZWIxM2I4ZDYz""}]"
"G03303","Bastón para identificación HR5","GALLAGHER","LECTORES","Lector portátil EID avanzado Gallagher HR5 con Wi-Fi.","El HR5 es el lector portátil más avanzado de la línea Gallagher. Diseñado para máxima velocidad y precisión en lectura EID, ofrece conectividad Wi-Fi y Bluetooth para sincronización directa con la plataforma Gallagher Animal Performance.

Permite registrar información adicional asociada al animal identificado, facilitando la integración con sistemas de pesaje y manejo productivo. Su pantalla de alta visibilidad y su diseño robusto lo hacen ideal para uso intensivo en manga y campo.

Es la opción recomendada para establecimientos que trabajan con grandes volúmenes y necesitan trazabilidad profesional integrada con gestión de datos.","1576.74","USD","true","true","[{""url"":""https://res.cloudinary.com/dqcb3hmi3/image/upload/v1772566048/ifedel/products/G03303/foo12knrikptb9gmn1ou.jpg"",""isPrimary"":true,""sortOrder"":0},{""url"":""https://res.cloudinary.com/dqcb3hmi3/image/upload/v1772566023/ifedel/products/G03303/cculytm0kdyfig8gtzjs.jpg"",""isPrimary"":false,""sortOrder"":1},{""url"":""https://res.cloudinary.com/dqcb3hmi3/image/upload/v1772566033/ifedel/products/G03303/w5bpmuzsjfuvgjq4mv4i.jpg"",""isPrimary"":false,""sortOrder"":2},{""url"":""https://res.cloudinary.com/dqcb3hmi3/image/upload/v1772566060/ifedel/products/G03303/hcqzwn27fghv0t37tcqh.jpg"",""isPrimary"":false,""sortOrder"":3}]","[{""label"":""Modelo "",""value"":""HR5"",""sortOrder"":0},{""label"":""Tipo "",""value"":""Lector portátil tipo bastón "",""sortOrder"":1},{""label"":""Compatibilidad ISO"",""value"":""HDX y FDX-B"",""sortOrder"":2},{""label"":""Frecuencia "",""value"":""134.2 kHz (ISO 11784/11785)"",""sortOrder"":3},{""label"":""Wi-Fi "",""value"":""Sí"",""sortOrder"":4},{""label"":""Bluetooth "",""value"":""Sí"",""sortOrder"":5},{""label"":""Sincronización "",""value"":""Gallagher Animal Performance"",""sortOrder"":6},{""label"":""Pantalla"",""value"":""Alta visibilidad exterior "",""sortOrder"":7},{""label"":""Memoria interna"",""value"":""Sí"",""sortOrder"":8},{""label"":""Uso recomendado"",""value"":""Trazabilidad avanzada e integración con pesaje"",""sortOrder"":9}]","[{""priceList"":""minorista"",""currency"":""USD"",""netPrice"":1892.09,""taxRate"":10.5}]","[]"
"G03322","Placa Repuesto HR5 - Module Main PCB (HR4 - HR5)","GALLAGHER","Repuestos Gallagher","Placa madre (Main PCB) de repuesto para lectores Gallagher HR4/HR5","Módulo de placa principal (Main PCB) original Gallagher, repuesto para los lectores portátiles de caravanas electrónicas serie HR4 y HR5. Permite reemplazar el componente electrónico central del bastón lector cuando presenta fallas, restableciendo su funcionamiento sin necesidad de reemplazar el equipo completo. Se recomienda que el reemplazo sea realizado por un servicio técnico autorizado Gallagher para no afectar la garantía. Código/SKU: G03322.","780.13","USD","true","false","[]","[{""label"":""Código"",""value"":""G03322"",""sortOrder"":1},{""label"":""Marca"",""value"":""Gallagher"",""sortOrder"":2},{""label"":""Categoría"",""value"":""Repuestos Gallagher"",""sortOrder"":3},{""label"":""Compatibilidad"",""value"":""Lectores HR4 y HR5"",""sortOrder"":4}]","[{""priceList"":""minorista"",""currency"":""USD"",""netPrice"":1014.16,""taxRate"":21}]","[]"
"G05100","Gallagher Cable de extension para barra de carga 6 M","GALLAGHER","Repuestos Gallagher","Cable de extensión 6m para barras de carga Gallagher 5000kg","Cable de extensión Gallagher de 6 metros para barras de carga de 5000kg de capacidad, que permite alejar la balanza del punto de pesaje del animal, ganando flexibilidad de instalación en manga o corral. Cuenta con conectores impermeables de alta calidad y protección con resorte de acero inoxidable que resguarda el cable de poliuretano de golpes y del daño de roedores. Cubierta amarilla para alta visibilidad. Código/SKU: G05100.","252.06","USD","true","false","[{""url"":""https://res.cloudinary.com/dqcb3hmi3/image/upload/v1785421954/ifedel/products/G05100/cvtc0vk6ucdnacvu9hfr.jpg"",""isPrimary"":true,""sortOrder"":0}]","[{""label"":""Código"",""value"":""G05100"",""sortOrder"":1},{""label"":""Marca"",""value"":""Gallagher"",""sortOrder"":2},{""label"":""Categoría"",""value"":""Repuestos Gallagher"",""sortOrder"":3},{""label"":""Longitud"",""value"":""6 m"",""sortOrder"":4},{""label"":""Capacidad compatible"",""value"":""Barras de carga 5000 kg"",""sortOrder"":5},{""label"":""Material"",""value"":""Poliuretano con protección de resorte inoxidable"",""sortOrder"":6}]","[{""priceList"":""minorista"",""currency"":""USD"",""netPrice"":327.68,""taxRate"":21}]","[]"
"G05501","Celda de conversión (b. mecánica) de 500 Kgs","GALLAGHER","Pesaje e IDE","Celda de carga de suspensión 500 kg.","Celda de carga diseñada para reemplazar sistemas mecánicos en pesaje suspendido. Permite convertir sistemas tradicionales en digitales con mayor precisión.","505.68","USD","true","false","[{""url"":""https://res.cloudinary.com/dqcb3hmi3/image/upload/v1772566226/ifedel/products/G05501/sb29nwb9kquqvumr5g2n.jpg"",""isPrimary"":true,""sortOrder"":0}]","[{""label"":""Tipo "",""value"":""Celda de suspensión"",""sortOrder"":0},{""label"":""Capacidad"",""value"":""500 kg"",""sortOrder"":1},{""label"":""Aplicación "",""value"":""Conversión de pesaje mecánico"",""sortOrder"":2},{""label"":""Uso recomendado"",""value"":""Sistemas colgantes"",""sortOrder"":3}]","[{""priceList"":""minorista"",""currency"":""USD"",""netPrice"":632.1,""taxRate"":21}]","[]"
"G05603","Cable de Extensión Panel Reader 6m","GALLAGHER","Repuestos Gallagher","Cable de extensión 6m para antena lectora Gallagher","Cable de extensión Gallagher de 6 metros que permite alejar el lector EID (controlador TWR o SmartReader) de su antena, ganando flexibilidad de instalación en manga o corral. Cuenta con conectores impermeables y protección con resorte de acero inoxidable, que resguarda el cable de golpes y del daño de roedores. Cubierta de poliuretano de color amarillo para alta visibilidad. Código/SKU: G05603.","367.74","USD","true","false","[]","[{""label"":""Código"",""value"":""G05603"",""sortOrder"":1},{""label"":""Marca"",""value"":""Gallagher"",""sortOrder"":2},{""label"":""Categoría"",""value"":""Repuestos Gallagher"",""sortOrder"":3},{""label"":""Longitud"",""value"":""6 m"",""sortOrder"":4},{""label"":""Material"",""value"":""Poliuretano con protección de resorte inoxidable"",""sortOrder"":5},{""label"":""Compatibilidad"",""value"":""Antenas y lectores EID / TWR"",""sortOrder"":6}]","[{""priceList"":""minorista"",""currency"":""USD"",""netPrice"":478.06,""taxRate"":21}]","[]"
"G06000","Barras de carga 2500kg 600mm","GALLAGHER","Pesaje e IDE","Barras de carga 2500 kg – 600 mm.","Set de barras de carga galvanizadas diseñadas para sistemas de pesaje ganadero. Soportan hasta 2500 kg por par y cuentan con celdas selladas resistentes al agua y la corrosión. Su construcción robusta permite lecturas estables incluso en entornos exigentes.","1576.14","USD","true","false","[{""url"":""https://res.cloudinary.com/dqcb3hmi3/image/upload/v1772565615/ifedel/products/G06000/ldv8znwevawjmep3rqv5.jpg"",""isPrimary"":true,""sortOrder"":0}]","[{""label"":""Capacidad"",""value"":""2500 kg (par)"",""sortOrder"":0},{""label"":""Longitud"",""value"":""600 mm"",""sortOrder"":1},{""label"":""Construcción "",""value"":""Acero galvanizado"",""sortOrder"":2},{""label"":""Celdas "",""value"":""Selladas e impermeables"",""sortOrder"":3},{""label"":""Uso recomendado"",""value"":""Plataformas y sistemas de pesaje"",""sortOrder"":4}]","[{""priceList"":""minorista"",""currency"":""USD"",""netPrice"":1891.36,""taxRate"":21}]","[{""type"":""manual"",""url"":""https://shop.am.gallagher.com/medias/Load-Bar-User-Manual-INT?context=bWFzdGVyfHN1cHBvcnR8OTc1NjM3NnxhcHBsaWNhdGlvbi9wZGZ8YUdNMEwyaGxOaTh4TkRreE5EUXdOVGsxTnpZMk1pOU1iMkZrSUVKaGNpQlZjMlZ5SUUxaGJuVmhiQ0JKVGxRfDE4ODE2ZmIyNWU1NjQ1ZGQ4YTFlODc3MTc3ZDZhMmNmY2MyNzc2ZWYwN2RkMTYzYWFiMmM5OGY0ZGI0YzIwZGQ""}]"
"G06100","Barras de carga 2500kg 1000mm","GALLAGHER","Pesaje e IDE","Barras de carga 2500 kg – 1000 mm.","Barras de carga diseñadas para sistemas de mayor separación o instalaciones específicas. Mantienen la capacidad de 2500 kg por par y cuentan con estructura galvanizada resistente a la intemperie.","1821.15","USD","true","true","[{""url"":""https://res.cloudinary.com/dqcb3hmi3/image/upload/v1772565559/ifedel/products/G06100/nu46ngs2b0qvpzb2nrdq.jpg"",""isPrimary"":true,""sortOrder"":0}]","[{""label"":""Capacidad"",""value"":""2500 kg (par)"",""sortOrder"":0},{""label"":""Longitud"",""value"":""1000 mm"",""sortOrder"":1},{""label"":""Construcción "",""value"":""Galvanizado resistente"",""sortOrder"":2},{""label"":""Celdas"",""value"":""Selladas sin partes móviles"",""sortOrder"":3},{""label"":""Uso Recomendado"",""value"":""Sistema de pesaje ganadero"",""sortOrder"":4}]","[{""priceList"":""minorista"",""currency"":""USD"",""netPrice"":2276.44,""taxRate"":21}]","[{""type"":""manual"",""url"":""https://shop.am.gallagher.com/medias/Load-Bar-User-Manual-INT?context=bWFzdGVyfHN1cHBvcnR8OTc1NjM3NnxhcHBsaWNhdGlvbi9wZGZ8YUdNMEwyaGxOaTh4TkRreE5EUXdOVGsxTnpZMk1pOU1iMkZrSUVKaGNpQlZjMlZ5SUUxaGJuVmhiQ0JKVGxRfDE4ODE2ZmIyNWU1NjQ1ZGQ4YTFlODc3MTc3ZDZhMmNmY2MyNzc2ZWYwN2RkMTYzYWFiMmM5OGY0ZGI0YzIwZGQ""}]"
"G06300","Barras de carga 5000Kg 1000mm","GALLAGHER","Pesaje e IDE","Barras de carga heavy duty 5000 kg.","Barras de carga de alta capacidad diseñadas para soportar golpes y cargas pesadas típicas del trabajo con animales grandes. Ideales para instalaciones permanentes y sistemas exigentes.","1882","USD","true","false","[{""url"":""https://res.cloudinary.com/dqcb3hmi3/image/upload/v1772565753/ifedel/products/G06300/xl9tppxlxjypkpla5qa8.jpg"",""isPrimary"":true,""sortOrder"":0}]","[{""label"":""Capacidad"",""value"":""5000 kg (par)"",""sortOrder"":0},{""label"":""Longitud"",""value"":""1000 mm"",""sortOrder"":1},{""label"":""Diseño "",""value"":""Heavy duty"",""sortOrder"":2},{""label"":""Construcción "",""value"":""Acero reforzado"",""sortOrder"":3},{""label"":""Uso recomendado"",""value"":""Manga/crush de alto impacto"",""sortOrder"":4}]","[{""priceList"":""minorista"",""currency"":""USD"",""netPrice"":2408,""taxRate"":21}]","[{""type"":""manual"",""url"":""https://shop.am.gallagher.com/medias/Load-Bar-User-Manual-INT?context=bWFzdGVyfHN1cHBvcnR8OTc1NjM3NnxhcHBsaWNhdGlvbi9wZGZ8YUdNMEwyaGxOaTh4TkRreE5EUXdOVGsxTnpZMk1pOU1iMkZrSUVKaGNpQlZjMlZ5SUUxaGJuVmhiQ0JKVGxRfDE4ODE2ZmIyNWU1NjQ1ZGQ4YTFlODc3MTc3ZDZhMmNmY2MyNzc2ZWYwN2RkMTYzYWFiMmM5OGY0ZGI0YzIwZGQ""}]"
"G06330","Chasis Barras de carga 5000Kg 1000mm Inalámbrica","GALLAGHER","Pesaje e IDE","Chasis heavy duty para loadbars inalámbricas.","Chasis diseñado para uso con barras de carga inalámbricas de 5000 kg. Construcción reforzada para resistir golpes y cargas extremas en manga.","1865","USD","true","false","[{""url"":""https://res.cloudinary.com/dqcb3hmi3/image/upload/v1772566367/ifedel/products/G06330/lvblovohqqosqmqh8pgw.jpg"",""isPrimary"":true,""sortOrder"":0}]","[{""label"":""Sistema "",""value"":""Wireless Load Bars "",""sortOrder"":0},{""label"":""Capacidad "",""value"":""5000 kg "",""sortOrder"":1},{""label"":""Longitud "",""value"":""1000 mm"",""sortOrder"":2},{""label"":""Construcción "",""value"":""Galvanizado reforzado"",""sortOrder"":3},{""label"":""Uso recomendado"",""value"":""Instalaciones permanentes "",""sortOrder"":5},{""label"":""Bluetooth "",""value"":""Sí"",""sortOrder"":5}]","[{""priceList"":""minorista"",""currency"":""USD"",""netPrice"":2335,""taxRate"":21}]","[{""type"":""manual"",""url"":""https://shop.am.gallagher.com/medias/Load-Bar-User-Manual-INT?context=bWFzdGVyfHN1cHBvcnR8OTc1NjM3NnxhcHBsaWNhdGlvbi9wZGZ8YUdNMEwyaGxOaTh4TkRreE5EUXdOVGsxTnpZMk1pOU1iMkZrSUVKaGNpQlZjMlZ5SUUxaGJuVmhiQ0JKVGxRfDE4ODE2ZmIyNWU1NjQ1ZGQ4YTFlODc3MTc3ZDZhMmNmY2MyNzc2ZWYwN2RkMTYzYWFiMmM5OGY0ZGI0YzIwZGQ""}]"
"G06339","Modulo Barra de carga 5000Kg 1000mm Inalámbrica","GALLAGHER","Pesaje e IDE","Módulo de reemplazo para loadbars inalámbricas 5000 kg.","Par de módulos de reemplazo para sistema de barras de carga inalámbricas 5000 kg. Diseñados para restaurar funcionalidad del sistema original.","692.48","USD","true","false","[{""url"":""https://res.cloudinary.com/dqcb3hmi3/image/upload/v1772566879/ifedel/products/G06339/mqy3hrdzqmqwjxf7dkzs.jpg"",""isPrimary"":true,""sortOrder"":0}]","[{""label"":""Sistema "",""value"":""Wireless Load Bars"",""sortOrder"":0},{""label"":""Compatibilidad"",""value"":""5000 kg"",""sortOrder"":1},{""label"":""Prestación "",""value"":""Par"",""sortOrder"":2},{""label"":""Uso recomendado"",""value"":""Repuesto / mantenimiento"",""sortOrder"":3}]","[{""priceList"":""minorista"",""currency"":""USD"",""netPrice"":900.22,""taxRate"":21}]","[{""type"":""manual"",""url"":""https://shop.am.gallagher.com/medias/Load-Bar-User-Manual-INT?context=bWFzdGVyfHN1cHBvcnR8OTc1NjM3NnxhcHBsaWNhdGlvbi9wZGZ8YUdNMEwyaGxOaTh4TkRreE5EUXdOVGsxTnpZMk1pOU1iMkZrSUVKaGNpQlZjMlZ5SUUxaGJuVmhiQ0JKVGxRfDE4ODE2ZmIyNWU1NjQ1ZGQ4YTFlODc3MTc3ZDZhMmNmY2MyNzc2ZWYwN2RkMTYzYWFiMmM5OGY0ZGI0YzIwZGQ""}]"
"G064800","Desviador - Protector de rayos","GALLAGHER","Electrificación Energizadores","Protector contra descargas para energizadores","Dispositivo diseñado para proteger el energizador frente a descargas atmosféricas y sobretensiones, prolongando la vida útil del equipo.","27.65","USD","true","false","[{""url"":""https://res.cloudinary.com/dqcb3hmi3/image/upload/v1785352949/ifedel/products/G064800/o5rwy3ut0qws6cfjcc1z.jpg"",""isPrimary"":true,""sortOrder"":0},{""url"":""https://res.cloudinary.com/dqcb3hmi3/image/upload/v1785352953/ifedel/products/G064800/i78oqdezyoytmkxvoh2y.jpg"",""isPrimary"":false,""sortOrder"":1}]","[{""label"":""Tipo"",""value"":""Protector de rayos "",""sortOrder"":0},{""label"":""Instalación "",""value"":""En línea de cerco "",""sortOrder"":1},{""label"":""Uso recomendado"",""value"":""Protección del sistema eléctrico"",""sortOrder"":2}]","[{""priceList"":""minorista"",""currency"":""USD"",""netPrice"":35.95,""taxRate"":21}]","[]"
"G30100","Electrificador MBS 1000i","GALLAGHER","Electrificación Energizadores","Energizador inteligente para campos medianos.","El MBS 1000i es un energizador inteligente orientado a establecimientos medianos o subdivisiones internas. Ofrece potencia suficiente para varias líneas de cerco y mantiene buen rendimiento frente a vegetación.

Al integrar tecnología Serie i, permite monitoreo del sistema y detección de fallas, mejorando la gestión del perímetro eléctrico.","1154.81","USD","true","false","[{""url"":""https://res.cloudinary.com/dqcb3hmi3/image/upload/v1785353473/ifedel/products/G30100/zkrjrvi4w8phfblegw8f.jpg"",""isPrimary"":false,""sortOrder"":0},{""url"":""https://res.cloudinary.com/dqcb3hmi3/image/upload/v1785353477/ifedel/products/G30100/t1mhfdi7ph0tstnnddqr.jpg"",""isPrimary"":true,""sortOrder"":1}]","[{""label"":""Energía almacenada"",""value"":""10 J"",""sortOrder"":0},{""label"":""Energía de salida"",""value"":""7.7 J"",""sortOrder"":1},{""label"":""Distancia máxima "",""value"":""hasta 65 km"",""sortOrder"":2},{""label"":""Tecnología "",""value"":""Serie i"",""sortOrder"":3}]","[{""priceList"":""minorista"",""currency"":""USD"",""netPrice"":1501.25,""taxRate"":10.5}]","[{""type"":""manual"",""url"":""https://shop.am.gallagher.com/medias/i-Series-Fence-Energizer-User-Manual-INT?context=bWFzdGVyfHN1cHBvcnR8MTE3OTU0NjF8YXBwbGljYXRpb24vcGRmfGFEazVMMmcwWkM4eE5EZ3lOREV5T1RFd01UZzFOQzlwSUZObGNtbGxjeUJHWlc1alpTQkZibVZ5WjJsNlpYSWdWWE5sY2lCTllXNTFZV3dnU1U1VXxkMjkzMTdhMGYyMDNhYjQ1YjQ5YTM2YWZkMDJmNzhlYmE4NzM4YmNkYjQ2MDc3NmZiMjIxODA4YWIyOTdmYTZk""}]"
"G31500","Electrificador MBS 1800i","GALLAGHER","Electrificación Energizadores","Energizador inteligente de potencia media-alta.","El MBS 1800i ofrece una solución equilibrada entre potencia y gestión inteligente del cerco. Pertenece a la Serie i, lo que permite monitoreo avanzado y detección de problemas en la línea.

Es ideal para campos medianos o subdivisiones múltiples donde se requiere estabilidad eléctrica constante y eficiencia energética.","1412.8","USD","true","false","[{""url"":""https://res.cloudinary.com/dqcb3hmi3/image/upload/v1785353900/ifedel/products/G31500/cayvjpxsapmmtc3twlj9.jpg"",""isPrimary"":true,""sortOrder"":0},{""url"":""https://res.cloudinary.com/dqcb3hmi3/image/upload/v1785353905/ifedel/products/G31500/onszltvcbvkeejpyd8ga.jpg"",""isPrimary"":false,""sortOrder"":1}]","[{""label"":""Energía almacenada"",""value"":""18 J"",""sortOrder"":0},{""label"":""Energía de salida "",""value"":""12.4 J"",""sortOrder"":1},{""label"":""Distancia máxima"",""value"":""hasta 90km"",""sortOrder"":2},{""label"":""Tecnología "",""value"":""Serie i"",""sortOrder"":3}]","[{""priceList"":""minorista"",""currency"":""USD"",""netPrice"":1836.64,""taxRate"":10.5}]","[{""type"":""manual"",""url"":""https://shop.am.gallagher.com/medias/MBS1800i-MBS2800i-Energizer-User-Manual-INT?context=bWFzdGVyfHN1cHBvcnR8NjY3MTk3MHxhcHBsaWNhdGlvbi9wZGZ8YUROaUwyZzJNaTh4TkRnMk56UTNOakkxTURZMU5DOU5RbE14T0RBd2FTQk5RbE15T0RBd2FTQkZibVZ5WjJsNlpYSWdWWE5sY2lCTllXNTFZV3dnU1U1VXw0YzFlOGY1MTA4NWE2ZmIxZDU4NTY1YmUzOThlMWY2NjJiYzc1ZTkxZjllMWYxMDYxMTAwZjA3OTcyZTY2NmQ3""}]"
"G31501","Electrificador MBS 2800i","GALLAGHER","Electrificación Energizadores","Energizador inteligente para establecimientos medianos.","Energizador Serie i que ofrece equilibrio entre potencia y monitoreo inteligente. Permite controlar múltiples líneas con buena tolerancia a carga vegetal.","1486.31","USD","true","false","[{""url"":""https://res.cloudinary.com/dqcb3hmi3/image/upload/v1785353748/ifedel/products/G31501/iancqqbxs7axw6cfajbh.jpg"",""isPrimary"":true,""sortOrder"":0},{""url"":""https://res.cloudinary.com/dqcb3hmi3/image/upload/v1785353751/ifedel/products/G31501/philcmbyghsp81gulss7.jpg"",""isPrimary"":false,""sortOrder"":1}]","[{""label"":""Energía almacenada"",""value"":""28 J"",""sortOrder"":0},{""label"":""Energía de salida "",""value"":""15.5 J"",""sortOrder"":1},{""label"":""Distancia máxima (1hilo)"",""value"":""Hasta 140 km"",""sortOrder"":2},{""label"":""Tecnología "",""value"":""Serie i"",""sortOrder"":3}]","[{""priceList"":""minorista"",""currency"":""USD"",""netPrice"":1932.2,""taxRate"":10.5}]","[{""type"":""manual"",""url"":""https://shop.am.gallagher.com/medias/MBS1800i-MBS2800i-Energizer-User-Manual-INT?context=bWFzdGVyfHN1cHBvcnR8NjY3MTk3MHxhcHBsaWNhdGlvbi9wZGZ8YUROaUwyZzJNaTh4TkRnMk56UTNOakkxTURZMU5DOU5RbE14T0RBd2FTQk5RbE15T0RBd2FTQkZibVZ5WjJsNlpYSWdWWE5sY2lCTllXNTFZV3dnU1U1VXw0YzFlOGY1MTA4NWE2ZmIxZDU4NTY1YmUzOThlMWY2NjJiYzc1ZTkxZjllMWYxMDYxMTAwZjA3OTcyZTY2NmQ3""}]"
"G32110","Electrificador MBS 6500i","GALLAGHER","Electrificación Energizadores","Energizador inteligente de alta potencia para campos grandes.","El MBS 6500i pertenece a la Serie i y combina alta potencia con monitoreo avanzado del cerco. Permite detectar fallas y mantener control constante del rendimiento eléctrico.

Ideal para establecimientos medianos y grandes que requieren potencia sostenida en múltiples subdivisiones.","2440.41","USD","true","false","[{""url"":""https://res.cloudinary.com/dqcb3hmi3/image/upload/v1785353602/ifedel/products/G32110/utc17wtxfhkgxqmro6c5.jpg"",""isPrimary"":true,""sortOrder"":0},{""url"":""https://res.cloudinary.com/dqcb3hmi3/image/upload/v1785353628/ifedel/products/G32110/hffhtnwzu1ki6dhlibmv.jpg"",""isPrimary"":false,""sortOrder"":1}]","[{""label"":""Modelo"",""value"":""MBS 6500i"",""sortOrder"":0},{""label"":""Energía almacenada"",""value"":""65 J"",""sortOrder"":1},{""label"":""Energía de salida "",""value"":""49 J"",""sortOrder"":2},{""label"":""Distancia máxima (1 hilo) "",""value"":""Hasta 320 km"",""sortOrder"":3},{""label"":""Tecnología "",""value"":""Serie i"",""sortOrder"":4},{""label"":""Uso recomendado"",""value"":""Campos grandes "",""sortOrder"":5}]","[{""priceList"":""minorista"",""currency"":""USD"",""netPrice"":3172.53,""taxRate"":10.5}]","[{""type"":""manual"",""url"":""https://shop.am.gallagher.com/medias/i-Series-Fence-Energizer-User-Manual-INT?context=bWFzdGVyfHN1cHBvcnR8MTE3OTU0NjF8YXBwbGljYXRpb24vcGRmfGFEazVMMmcwWkM4eE5EZ3lOREV5T1RFd01UZzFOQzlwSUZObGNtbGxjeUJHWlc1alpTQkZibVZ5WjJsNlpYSWdWWE5sY2lCTllXNTFZV3dnU1U1VXxkMjkzMTdhMGYyMDNhYjQ1YjQ5YTM2YWZkMDJmNzhlYmE4NzM4YmNkYjQ2MDc3NmZiMjIxODA4YWIyOTdmYTZk""}]"
"G34630","Gallagher Electrificador Solar S100","GALLAGHER","Electrificación Energizadores","Energizador Gallagher S100 para cerco eléctrico","El S100 es un energizador solar de mayor capacidad, diseñado para cercos más largos o con mayor carga vegetal. Combina panel solar y batería para operación autónoma.","533.33","USD","true","false","[{""url"":""https://res.cloudinary.com/dqcb3hmi3/image/upload/v1785422123/ifedel/products/G34630/vllqdvi2zqxoxsxmq8mq.jpg"",""isPrimary"":true,""sortOrder"":0},{""url"":""https://res.cloudinary.com/dqcb3hmi3/image/upload/v1785422131/ifedel/products/G34630/cp7qpuzzatdryo34i0n0.jpg"",""isPrimary"":false,""sortOrder"":2}]","[{""label"":""Energía almacenada"",""value"":""1 J"",""sortOrder"":0}]","[{""priceList"":""minorista"",""currency"":""USD"",""netPrice"":693.33,""taxRate"":10.5}]","[]"
"G34901","Electrificador Solar Litio S12","GALLAGHER","Electrificación Energizadores","Energizador solar portátil con batería de litio.","El S12 es un energizador solar compacto con batería de litio integrada. Está diseñado para cercos móviles o pequeños potreros donde no se dispone de red eléctrica.

Su bajo consumo y autonomía lo hacen ideal para sistemas temporales o manejo rotativo.","230.64","USD","true","false","[{""url"":""https://res.cloudinary.com/dqcb3hmi3/image/upload/v1785354443/ifedel/products/G34901/jps7pl4rrl4uofvdrhia.jpg"",""isPrimary"":true,""sortOrder"":0},{""url"":""https://res.cloudinary.com/dqcb3hmi3/image/upload/v1785354446/ifedel/products/G34901/a7lbvaly8zbvztvoogjn.jpg"",""isPrimary"":false,""sortOrder"":1},{""url"":""https://res.cloudinary.com/dqcb3hmi3/image/upload/v1785354450/ifedel/products/G34901/cpn0vc77azmqbdxulmqt.jpg"",""isPrimary"":false,""sortOrder"":2}]","[{""label"":""Energía de salida"",""value"":""0.12 J"",""sortOrder"":0},{""label"":""Alimentación "",""value"":""Solar con batería de litio integrada"",""sortOrder"":1},{""label"":""Uso recomendado"",""value"":""Cercos móviles"",""sortOrder"":2}]","[{""priceList"":""minorista"",""currency"":""USD"",""netPrice"":299.84,""taxRate"":10.5}]","[{""type"":""manual"",""url"":""https://shop.am.gallagher.com/medias/Lithium-Solar-S6-S12-User-Guide-Online?context=bWFzdGVyfHN1cHBvcnR8Mjk0NDU3OHxhcHBsaWNhdGlvbi9wZGZ8YURkbEwyZ3hNQzh4TlRBeU9UZzRNRFUxTXpVd01pOU1hWFJvYVhWdElGTnZiR0Z5SUZNMklGTXhNaUJWYzJWeUlFZDFhV1JsSUU5dWJHbHVaUXxmYmY2YWRmZmE3OTFlYmEwYjQ5NTU1ODhjMjcyYjYxM2EzZDg4MjlhZWI1MjQ1ZDQ2OTZlYWJjNzI1NDVkZTAw""}]"
"G35130","Gallagher Electrificador Solar Litio S60","GALLAGHER","Electrificación Energizadores","Energizador Gallagher S60 para cerco eléctrico","El S60 ofrece mayor potencia dentro de la línea solar con batería de litio. Permite alimentar cercos de mediana longitud manteniendo autonomía energética.

Es ideal para manejo rotativo o zonas alejadas sin acceso a red eléctrica.","409","USD","true","false","[{""url"":""https://res.cloudinary.com/dqcb3hmi3/image/upload/v1785422055/ifedel/products/G35130/kip00fdwelcawjer6lpm.jpg"",""isPrimary"":true,""sortOrder"":0},{""url"":""https://res.cloudinary.com/dqcb3hmi3/image/upload/v1785422059/ifedel/products/G35130/mhzfgtnzha7mzumam8o5.jpg"",""isPrimary"":false,""sortOrder"":1}]","[{""label"":""Energía Almacenada"",""value"":""0.6 J"",""sortOrder"":0},{""label"":""Alimentación"",""value"":""Solar litio"",""sortOrder"":1}]","[{""priceList"":""minorista"",""currency"":""USD"",""netPrice"":531.71,""taxRate"":10.5}]","[]"
"G35311","Electrificador B11","GALLAGHER","Electrificación Energizadores","Energizador portátil a batería para pequeños cercos.","El B11 es un energizador portátil a batería diseñado para cercos temporales o pequeños potreros. Compacto y fácil de transportar, es ideal para manejo rotativo.","49.38","USD","true","false","[{""url"":""https://res.cloudinary.com/dqcb3hmi3/image/upload/v1772564759/ifedel/products/G35311/rzrwiillhaf0yomidtmp.jpg"",""isPrimary"":true,""sortOrder"":0}]","[{""label"":""Energía almacenada"",""value"":""0.11 J"",""sortOrder"":0},{""label"":""Alimentación "",""value"":""Batería "",""sortOrder"":1},{""label"":""Uso "",""value"":""Cercos temporales"",""sortOrder"":2}]","[{""priceList"":""minorista"",""currency"":""USD"",""netPrice"":64.19,""taxRate"":10.5}]","[]"
"G36030","Gallagher Electrificador Solar S200","GALLAGHER","Electrificación Energizadores","Energizador Gallagher S200 para cerco eléctrico","El S200 es un energizador solar de alto rendimiento para sistemas autónomos. Ofrece potencia adecuada para subdivisiones amplias sin conexión a red.","934.76","USD","true","false","[{""url"":""https://res.cloudinary.com/dqcb3hmi3/image/upload/v1785422268/ifedel/products/G36030/negngolvkcwsyahhjymb.jpg"",""isPrimary"":true,""sortOrder"":0},{""url"":""https://res.cloudinary.com/dqcb3hmi3/image/upload/v1785422274/ifedel/products/G36030/hh1q1vhqgq8m5b5zveh8.jpg"",""isPrimary"":false,""sortOrder"":1}]","[{""label"":""Energía almacenada"",""value"":""2 J"",""sortOrder"":0}]","[{""priceList"":""minorista"",""currency"":""USD"",""netPrice"":1215.18,""taxRate"":10.5}]","[]"
"G36130","Gallagher Electrificador Solar S400","GALLAGHER","Electrificación Energizadores","Energizador Gallagher S400 para cerco eléctrico","El S400 es el modelo solar de mayor potencia dentro de la línea portátil Gallagher. Ideal para sistemas de gran extensión donde no se dispone de red eléctrica.","1215.52","USD","true","false","[{""url"":""https://res.cloudinary.com/dqcb3hmi3/image/upload/v1785422211/ifedel/products/G36130/trutcekq5k2urvx8rfiz.jpg"",""isPrimary"":true,""sortOrder"":0},{""url"":""https://res.cloudinary.com/dqcb3hmi3/image/upload/v1785422215/ifedel/products/G36130/ceo8zikbeo58wqqshvbd.jpg"",""isPrimary"":false,""sortOrder"":1}]","[{""label"":""Energía almacenada"",""value"":""4 J"",""sortOrder"":0}]","[{""priceList"":""minorista"",""currency"":""USD"",""netPrice"":1580.17,""taxRate"":10.5}]","[]"
"G37913","Electrificador M12000i","GALLAGHER","Electrificación Energizadores","Energizador inteligente de máxima potencia para grandes extensiones.","El M12000i es el energizador más potente de la línea Gallagher Serie i. Diseñado para establecimientos de gran escala, puede alimentar cercos de muy larga distancia y múltiples líneas simultáneamente, incluso en condiciones exigentes de vegetación o humedad.

Incorpora monitoreo inteligente del cerco, permitiendo detectar fallas, pérdidas de energía y rendimiento en tiempo real. Es ideal para productores que necesitan máxima seguridad perimetral y control total del sistema eléctrico.","3929.06","USD","true","false","[{""url"":""https://res.cloudinary.com/dqcb3hmi3/image/upload/v1785353179/ifedel/products/G37913/pkwgvv80hzhifk1lrwig.jpg"",""isPrimary"":true,""sortOrder"":0},{""url"":""https://res.cloudinary.com/dqcb3hmi3/image/upload/v1785353182/ifedel/products/G37913/o4muthoz2lb0kc5qyo3c.jpg"",""isPrimary"":false,""sortOrder"":1}]","[{""label"":""Modelo "",""value"":""M12000i"",""sortOrder"":0},{""label"":""Energía almacenada "",""value"":""120 J"",""sortOrder"":1},{""label"":""Energía de salida "",""value"":""84 J"",""sortOrder"":2},{""label"":""Distancia máxima (1 hilo) "",""value"":""Hasta 720 km"",""sortOrder"":3},{""label"":""Tecnología "",""value"":""Serie i (monitoreo inteligente)"",""sortOrder"":4},{""label"":""Uso recomendado "",""value"":""Establecimientos de gran escala"",""sortOrder"":5}]","[{""priceList"":""minorista"",""currency"":""USD"",""netPrice"":5107.78,""taxRate"":10.5}]","[{""type"":""manual"",""url"":""https://shop.am.gallagher.com/medias/M6000i-M12000i-Mains-Energizer-User-Manual?context=bWFzdGVyfHN1cHBvcnR8Mjk0NDg3OXxhcHBsaWNhdGlvbi9wZGZ8YUdZd0wyZzRNUzh4TlRVeU9ESXlOVEEwTmpVMU9DOU5OakF3TUdrdlRURXlNREF3YVNCTllXbHVjeUJGYm1WeVoybDZaWElnVlhObGNpQk5ZVzUxWVd3fDc0Mzc3MWExMWYxZTM1MmM4ODYxYjQ1NzMyNTBhMjExY2I3MGE3NTBiOGVlNjcyZTRlYWU1MGY5ZWNiZDc0YWY""}]"
"G38901","Gallagher Electrificador MBS 200","GALLAGHER","Electrificación Energizadores","Energizador compacto para pequeñas extensiones","El MBS 200 es un energizador compacto ideal para cercos pequeños o subdivisiones internas de baja demanda. Su bajo consumo y tamaño reducido lo convierten en una opción práctica para aplicaciones específicas.","383.67","USD","true","false","[{""url"":""https://res.cloudinary.com/dqcb3hmi3/image/upload/v1785354181/ifedel/products/G38901/nl57n5o2abitbklccekt.jpg"",""isPrimary"":true,""sortOrder"":0},{""url"":""https://res.cloudinary.com/dqcb3hmi3/image/upload/v1785354185/ifedel/products/G38901/mijudj8dixctobj9tgbh.jpg"",""isPrimary"":false,""sortOrder"":1}]","[{""label"":""Energía almacenada"",""value"":""2 J"",""sortOrder"":0},{""label"":""Energía de salida"",""value"":""1.3 J"",""sortOrder"":1},{""label"":""Distancia máxima"",""value"":""hasta 15 km"",""sortOrder"":2}]","[{""priceList"":""minorista"",""currency"":""USD"",""netPrice"":498.77,""taxRate"":10.5}]","[{""type"":""manual"",""url"":""https://shop.am.gallagher.com/medias/MBS-Multi-Power-Fence-Energizers-User-Manual-INT?context=bWFzdGVyfHN1cHBvcnR8NTA4Nzc0MnxhcHBsaWNhdGlvbi9wZGZ8YURKakwyaGpNaTh4TkRBME1qVTVNamd6TnpZMk1pOU5RbE1nVFhWc2RHa3RVRzkzWlhJZ1JtVnVZMlVnUlc1bGNtZHBlbVZ5Y3lCVmMyVnlJRTFoYm5WaGJDQkpUbFF8MjcxYjM1NjVmODU3YTZmNjQ1Mjc2ZTg2MGE4NThlNTc3MzFkODYwZDFkNmYwNjUyOWNiMzA3ZmMwYzQ3Y2YwNQ""}]"
"G39000","Electrificador MBS 400","GALLAGHER","Electrificación Energizadores","Energizador para subdivisiones y campos pequeños ","El MBS 400 está pensado para subdivisiones internas o campos pequeños. Brinda potencia adecuada para cercos cortos y manejo diario de potreros.

Es simple, confiable y de bajo mantenimiento.","459.83","USD","true","false","[{""url"":""https://res.cloudinary.com/dqcb3hmi3/image/upload/v1785354099/ifedel/products/G39000/n37twvmsh138qj6zyzrj.jpg"",""isPrimary"":true,""sortOrder"":0},{""url"":""https://res.cloudinary.com/dqcb3hmi3/image/upload/v1785354102/ifedel/products/G39000/qpk01fxxilauun57rlwh.jpg"",""isPrimary"":false,""sortOrder"":1}]","[{""label"":""Energía almacenada"",""value"":""4 J"",""sortOrder"":0},{""label"":""Energía de salida"",""value"":""2.7 J"",""sortOrder"":1},{""label"":""Distancia máxima "",""value"":""Hasta 30 km"",""sortOrder"":2}]","[{""priceList"":""minorista"",""currency"":""USD"",""netPrice"":597.78,""taxRate"":10.5}]","[{""type"":""manual"",""url"":""https://shop.am.gallagher.com/medias/MBS-Multi-Power-Fence-Energizers-User-Manual-INT?context=bWFzdGVyfHN1cHBvcnR8NTA4Nzc0MnxhcHBsaWNhdGlvbi9wZGZ8YURKakwyaGpNaTh4TkRBME1qVTVNamd6TnpZMk1pOU5RbE1nVFhWc2RHa3RVRzkzWlhJZ1JtVnVZMlVnUlc1bGNtZHBlbVZ5Y3lCVmMyVnlJRTFoYm5WaGJDQkpUbFF8MjcxYjM1NjVmODU3YTZmNjQ1Mjc2ZTg2MGE4NThlNTc3MzFkODYwZDFkNmYwNjUyOWNiMzA3ZmMwYzQ3Y2YwNQ""}]"
"G39001","Electrificador MBS 800","GALLAGHER","Electrificación Energizadores","Energizador potente para campos medianos.","El MBS 800 es un energizador robusto diseñado para establecimientos medianos. Ofrece buena potencia de salida y confiabilidad en condiciones normales de carga vegetal.

Es una solución eficiente para quienes buscan rendimiento sólido sin necesidad de monitoreo inteligente avanzado.","541.91","USD","true","false","[{""url"":""https://res.cloudinary.com/dqcb3hmi3/image/upload/v1785354025/ifedel/products/G39001/vn8ltz4jyk8tfatubezp.jpg"",""isPrimary"":true,""sortOrder"":0},{""url"":""https://res.cloudinary.com/dqcb3hmi3/image/upload/v1785354029/ifedel/products/G39001/zfxs8zgrjsbxla6xwqod.jpg"",""isPrimary"":false,""sortOrder"":1}]","[{""label"":""Energía almacenada"",""value"":""8 J "",""sortOrder"":0},{""label"":""Energía de salida"",""value"":""6 J"",""sortOrder"":1},{""label"":""Distancia maxima "",""value"":""hasta 45 km"",""sortOrder"":2}]","[{""priceList"":""minorista"",""currency"":""USD"",""netPrice"":704.49,""taxRate"":10.5}]","[{""type"":""manual"",""url"":""https://shop.am.gallagher.com/medias/MBS-Multi-Power-Fence-Energizers-User-Manual-INT?context=bWFzdGVyfHN1cHBvcnR8NTA4Nzc0MnxhcHBsaWNhdGlvbi9wZGZ8YURKakwyaGpNaTh4TkRBME1qVTVNamd6TnpZMk1pOU5RbE1nVFhWc2RHa3RVRzkzWlhJZ1JtVnVZMlVnUlc1bGNtZHBlbVZ5Y3lCVmMyVnlJRTFoYm5WaGJDQkpUbFF8MjcxYjM1NjVmODU3YTZmNjQ1Mjc2ZTg2MGE4NThlNTc3MzFkODYwZDFkNmYwNjUyOWNiMzA3ZmMwYzQ3Y2YwNQ""}]"
"G40132","Gallagher Cargador para MBS","GALLAGHER","Repuestos Gallagher","Cargador/fuente de alimentación Gallagher para energizadores MBS","Fuente de alimentación (cargador) Gallagher versión internacional, utilizada para conectar a la red eléctrica los energizadores multi-power de la serie MBS (MBS100, MBS200, MBS400, MBS800). Permite operar el equipo desde la red mientras mantiene la batería en carga como respaldo. Código/SKU: G40132.","70.61","USD","true","false","[{""url"":""https://res.cloudinary.com/dqcb3hmi3/image/upload/v1785425251/ifedel/products/G40132/wr2zfmqfwz2obqg068p9.jpg"",""isPrimary"":true,""sortOrder"":0}]","[{""label"":""Código"",""value"":""G40132"",""sortOrder"":1},{""label"":""Marca"",""value"":""Gallagher"",""sortOrder"":2},{""label"":""Categoría"",""value"":""Repuestos Gallagher"",""sortOrder"":3},{""label"":""Compatibilidad"",""value"":""Energizadores serie MBS (versión internacional)"",""sortOrder"":4}]","[{""priceList"":""minorista"",""currency"":""USD"",""netPrice"":91.79,""taxRate"":21}]","[]"
"G50301","Gallagher Tester Voltimetro Digital DVM3","GALLAGHER","Electrificación Accesorios","Accesorio para cerco eléctrico Gallagher","Gallagher Tester Voltimetro Digital DVM3. Accesorio para cerco eléctrico diseñado para una instalación prolija y durable. Contribuye a la correcta conducción, sujeción o conexión según el componente, manteniendo la eficiencia del sistema. Código/SKU: G50301.","118.75","USD","true","false","[{""url"":""https://res.cloudinary.com/dqcb3hmi3/image/upload/v1785422630/ifedel/products/G50301/nco2lwfdv0lwaldkyk3w.jpg"",""isPrimary"":true,""sortOrder"":0},{""url"":""https://res.cloudinary.com/dqcb3hmi3/image/upload/v1785422634/ifedel/products/G50301/on0dr7xbz8crls6xt7ki.jpg"",""isPrimary"":false,""sortOrder"":1}]","[{""label"":""Código"",""value"":""G50301"",""sortOrder"":1},{""label"":""Marca"",""value"":""Gallagher"",""sortOrder"":2},{""label"":""Categoría"",""value"":""Electrificación Accesorios"",""sortOrder"":3}]","[{""priceList"":""minorista"",""currency"":""USD"",""netPrice"":154.38,""taxRate"":10.5}]","[]"
"G50700","Gallagher Control Remoto Serie i","GALLAGHER","Electrificación Accesorios Serie i","Accesorio para cerco eléctrico Gallagher","Gallagher Control Remoto Serie i. Accesorio para cerco eléctrico diseñado para una instalación prolija y durable. Contribuye a la correcta conducción, sujeción o conexión según el componente, manteniendo la eficiencia del sistema. Código/SKU: G50700.","354.59","USD","true","false","[{""url"":""https://res.cloudinary.com/dqcb3hmi3/image/upload/v1785422401/ifedel/products/G50700/uxqetmvuddy8sqngd4vd.jpg"",""isPrimary"":true,""sortOrder"":0},{""url"":""https://res.cloudinary.com/dqcb3hmi3/image/upload/v1785422405/ifedel/products/G50700/iuzkrfqoq2wdhd91zgug.jpg"",""isPrimary"":false,""sortOrder"":1}]","[{""label"":""Código"",""value"":""G50700"",""sortOrder"":1},{""label"":""Marca"",""value"":""Gallagher"",""sortOrder"":2},{""label"":""Categoría"",""value"":""Electrificación Accesorios Serie i"",""sortOrder"":3}]","[{""priceList"":""minorista"",""currency"":""USD"",""netPrice"":460.97,""taxRate"":10.5}]","[]"
"G50905","Gallagher Tester Localizador de fallas Smartfix Int.","GALLAGHER","Electrificación Accesorios","Accesorio para cerco eléctrico Gallagher","Gallagher Tester Localizador de fallas Smartfix Int.. Accesorio para cerco eléctrico diseñado para una instalación prolija y durable. Contribuye a la correcta conducción, sujeción o conexión según el componente, manteniendo la eficiencia del sistema. Código/SKU: G50905.","133.71","USD","true","false","[{""url"":""https://res.cloudinary.com/dqcb3hmi3/image/upload/v1785422588/ifedel/products/G50905/bfgykg7gmmkr3eprocr7.jpg"",""isPrimary"":true,""sortOrder"":0},{""url"":""https://res.cloudinary.com/dqcb3hmi3/image/upload/v1785422592/ifedel/products/G50905/fycpo78gq5g13ibwjcya.jpg"",""isPrimary"":false,""sortOrder"":1}]","[{""label"":""Código"",""value"":""G50905"",""sortOrder"":1},{""label"":""Marca"",""value"":""Gallagher"",""sortOrder"":2},{""label"":""Categoría"",""value"":""Electrificación Accesorios"",""sortOrder"":3}]","[{""priceList"":""minorista"",""currency"":""USD"",""netPrice"":167.14,""taxRate"":10.5}]","[]"
"G51000","Gallagher Monitor de cercos Serie i","GALLAGHER","Electrificación Accesorios Serie i","Accesorio para cerco eléctrico Gallagher","Gallagher Monitor de cercos Serie i. Accesorio para cerco eléctrico diseñado para una instalación prolija y durable. Contribuye a la correcta conducción, sujeción o conexión según el componente, manteniendo la eficiencia del sistema. Código/SKU: G51000.","365.02","USD","true","false","[{""url"":""https://res.cloudinary.com/dqcb3hmi3/image/upload/v1785422355/ifedel/products/G51000/fipbk5r9mxpf4vtry0fv.jpg"",""isPrimary"":true,""sortOrder"":0},{""url"":""https://res.cloudinary.com/dqcb3hmi3/image/upload/v1785422358/ifedel/products/G51000/or7ocbb13qvysi2q966c.jpg"",""isPrimary"":false,""sortOrder"":1},{""url"":""https://res.cloudinary.com/dqcb3hmi3/image/upload/v1785422361/ifedel/products/G51000/g8f5gujffobxoftvoump.jpg"",""isPrimary"":false,""sortOrder"":2}]","[{""label"":""Código"",""value"":""G51000"",""sortOrder"":1},{""label"":""Marca"",""value"":""Gallagher"",""sortOrder"":2},{""label"":""Categoría"",""value"":""Electrificación Accesorios Serie i"",""sortOrder"":3}]","[{""priceList"":""minorista"",""currency"":""USD"",""netPrice"":474.53,""taxRate"":10.5}]","[]"
"G56703","Gallagher APP Gateway BT WIFI (NUEVO) Serie i","GALLAGHER","Electrificación Accesorios Serie i","Accesorio para cerco eléctrico Gallagher","Gallagher APP Gateway BT WIFI (NUEVO) Serie i. Accesorio para cerco eléctrico diseñado para una instalación prolija y durable. Contribuye a la correcta conducción, sujeción o conexión según el componente, manteniendo la eficiencia del sistema. Código/SKU: G56703.","259.55","USD","true","false","[{""url"":""https://res.cloudinary.com/dqcb3hmi3/image/upload/v1785422310/ifedel/products/G56703/ob16fs1u37gfkuqrvdat.jpg"",""isPrimary"":true,""sortOrder"":0},{""url"":""https://res.cloudinary.com/dqcb3hmi3/image/upload/v1785422313/ifedel/products/G56703/qheg9udcic14gcsmsbjy.jpg"",""isPrimary"":false,""sortOrder"":1}]","[{""label"":""Código"",""value"":""G56703"",""sortOrder"":1},{""label"":""Marca"",""value"":""Gallagher"",""sortOrder"":2},{""label"":""Categoría"",""value"":""Electrificación Accesorios Serie i"",""sortOrder"":3}]","[{""priceList"":""minorista"",""currency"":""USD"",""netPrice"":337.42,""taxRate"":21}]","[]"
"G58211","Gallagher Back up Switch automático MBS (para baterías)","GALLAGHER","Electrificación Energizadores","Switch automático de respaldo con batería para energizadores Gallagher MB/MBS","Accesorio Gallagher que mantiene en funcionamiento el energizador ante un corte de suministro eléctrico. Se conecta entre la alimentación de red y el energizador MB, MBS o MB iSeries, y a una batería de 12V externa (no incluida) que actúa como respaldo. Ante un corte, conmuta automáticamente a la batería; con red disponible, la mantiene en carga de flotación lista para usarse. Indicadores LED muestran si el sistema funciona con red o con batería. Entrada 15V DC, corriente de carga máxima 0,4A. Código/SKU: G58211.","287.57","USD","true","false","[{""url"":""https://res.cloudinary.com/dqcb3hmi3/image/upload/v1785421994/ifedel/products/G58211/ywraqjnud3yahoe62wm2.jpg"",""isPrimary"":true,""sortOrder"":0},{""url"":""https://res.cloudinary.com/dqcb3hmi3/image/upload/v1785421997/ifedel/products/G58211/lqaewubhdvdcu3pedyki.jpg"",""isPrimary"":false,""sortOrder"":1},{""url"":""https://res.cloudinary.com/dqcb3hmi3/image/upload/v1785422002/ifedel/products/G58211/yik2xkatml4wzw1zrn9n.jpg"",""isPrimary"":false,""sortOrder"":2}]","[{""label"":""Código"",""value"":""G58211"",""sortOrder"":1},{""label"":""Marca"",""value"":""Gallagher"",""sortOrder"":2},{""label"":""Categoría"",""value"":""Electrificación Energizadores"",""sortOrder"":3},{""label"":""Entrada"",""value"":""15V DC"",""sortOrder"":4},{""label"":""Corriente de carga máxima"",""value"":""0,4 A"",""sortOrder"":5},{""label"":""Compatibilidad"",""value"":""Energizadores MB, MBS y MB iSeries"",""sortOrder"":6}]","[{""priceList"":""minorista"",""currency"":""USD"",""netPrice"":373.84,""taxRate"":10.5}]","[]"
"G60355","Gallagher Abrazadera junta hexagonal Pack 25 Unidades","GALLAGHER","Electrificación Accesorios","Accesorio para cerco eléctrico Gallagher","Gallagher Abrazadera junta hexagonal Pack 25 Unidades. Accesorio para cerco eléctrico diseñado para una instalación prolija y durable. Contribuye a la correcta conducción, sujeción o conexión según el componente, manteniendo la eficiencia del sistema. Código/SKU: G60355.","24.49","USD","true","false","[{""url"":""https://res.cloudinary.com/dqcb3hmi3/image/upload/v1785413740/ifedel/products/G60355/cnvmzgbyzw7nh3opddww.jpg"",""isPrimary"":true,""sortOrder"":0}]","[{""label"":""Código"",""value"":""G60355"",""sortOrder"":1},{""label"":""Marca"",""value"":""Gallagher"",""sortOrder"":2},{""label"":""Modelo"",""value"":""25"",""sortOrder"":3},{""label"":""Categoría"",""value"":""Electrificación Accesorios"",""sortOrder"":4}]","[{""priceList"":""minorista"",""currency"":""USD"",""netPrice"":31.84,""taxRate"":21}]","[]"
"G60630","Gallagher Manija plastica Insul-Grip Pack 30","GALLAGHER","Electrificación Accesorios","Accesorio para cerco eléctrico Gallagher","Gallagher Manija plastica Insul-Grip Pack 30. Accesorio para cerco eléctrico diseñado para una instalación prolija y durable. Contribuye a la correcta conducción, sujeción o conexión según el componente, manteniendo la eficiencia del sistema. Código/SKU: G60630.","76.52","USD","true","false","[{""url"":""https://res.cloudinary.com/dqcb3hmi3/image/upload/v1785423745/ifedel/products/G60630/hy7bnisv31dhitqo9ex9.jpg"",""isPrimary"":true,""sortOrder"":0}]","[{""label"":""Código"",""value"":""G60630"",""sortOrder"":1},{""label"":""Marca"",""value"":""Gallagher"",""sortOrder"":2},{""label"":""Modelo"",""value"":""30"",""sortOrder"":3},{""label"":""Categoría"",""value"":""Electrificación Accesorios"",""sortOrder"":4}]","[{""priceList"":""minorista"",""currency"":""USD"",""netPrice"":99.47,""taxRate"":21}]","[]"
"G60770","Gallagher Llave de corte cuchillo","GALLAGHER","Electrificación Accesorios","Accesorio para cerco eléctrico Gallagher","Gallagher Llave de corte cuchillo. Accesorio para cerco eléctrico diseñado para una instalación prolija y durable. Contribuye a la correcta conducción, sujeción o conexión según el componente, manteniendo la eficiencia del sistema. Código/SKU: G60770.","20.28","USD","true","false","[{""url"":""https://res.cloudinary.com/dqcb3hmi3/image/upload/v1785423346/ifedel/products/G60770/xdaaja4ibxtlzevdc7cr.jpg"",""isPrimary"":true,""sortOrder"":0}]","[{""label"":""Código"",""value"":""G60770"",""sortOrder"":1},{""label"":""Marca"",""value"":""Gallagher"",""sortOrder"":2},{""label"":""Categoría"",""value"":""Electrificación Accesorios"",""sortOrder"":3}]","[{""priceList"":""minorista"",""currency"":""USD"",""netPrice"":26.36,""taxRate"":21}]","[]"
"G61150","Gallagher Carretel vacio con engranajes 3:1 (capacidad 500 mts)","GALLAGHER","Electrificación Accesorios","Accesorio para cerco eléctrico Gallagher","Gallagher Carretel vacio con engranajes 3:1 (capacidad 500 mts). Accesorio para cerco eléctrico diseñado para una instalación prolija y durable. Contribuye a la correcta conducción, sujeción o conexión según el componente, manteniendo la eficiencia del sistema. Código/SKU: G61150.","106.76","USD","true","false","[{""url"":""https://res.cloudinary.com/dqcb3hmi3/image/upload/v1785423411/ifedel/products/G61150/myqkneh7r4dhppkqfcdb.jpg"",""isPrimary"":true,""sortOrder"":0},{""url"":""https://res.cloudinary.com/dqcb3hmi3/image/upload/v1785423415/ifedel/products/G61150/fpcqu0gecedoo02qfdmz.jpg"",""isPrimary"":false,""sortOrder"":1}]","[{""label"":""Código"",""value"":""G61150"",""sortOrder"":1},{""label"":""Marca"",""value"":""Gallagher"",""sortOrder"":2},{""label"":""Modelo"",""value"":""500"",""sortOrder"":3},{""label"":""Categoría"",""value"":""Electrificación Accesorios"",""sortOrder"":4}]","[{""priceList"":""minorista"",""currency"":""USD"",""netPrice"":138.79,""taxRate"":21}]","[]"
"G62702","Gallagher Cable duro, doble aislacion de 2,5 mm. x 50 mts","GALLAGHER","Electrificación Accesorios","Accesorio para cerco eléctrico Gallagher","Gallagher Cable duro, doble aislacion de 2,5 mm. x 50 mts. Accesorio para cerco eléctrico diseñado para una instalación prolija y durable. Contribuye a la correcta conducción, sujeción o conexión según el componente, manteniendo la eficiencia del sistema. Código/SKU: G62702.","80.2","USD","true","false","[{""url"":""https://res.cloudinary.com/dqcb3hmi3/image/upload/v1785423714/ifedel/products/G62702/okcarbqgujcy2qw7gozp.jpg"",""isPrimary"":true,""sortOrder"":0}]","[{""label"":""Código"",""value"":""G62702"",""sortOrder"":1},{""label"":""Marca"",""value"":""Gallagher"",""sortOrder"":2},{""label"":""Modelo"",""value"":""50"",""sortOrder"":3},{""label"":""Categoría"",""value"":""Electrificación Accesorios"",""sortOrder"":4}]","[{""priceList"":""minorista"",""currency"":""USD"",""netPrice"":104.26,""taxRate"":21}]","[]"
"G62703","Gallagher Cable duro, doble aislacion de 2,5 mm x 100 mts","GALLAGHER","Electrificación Accesorios","Accesorio para cerco eléctrico Gallagher","Gallagher Cable duro, doble aislacion de 2,5 mm x 100 mts. Accesorio para cerco eléctrico diseñado para una instalación prolija y durable. Contribuye a la correcta conducción, sujeción o conexión según el componente, manteniendo la eficiencia del sistema. Código/SKU: G62703.","160.37","USD","true","false","[{""url"":""https://res.cloudinary.com/dqcb3hmi3/image/upload/v1785796673/ifedel/products/G62703/natfd0oi52rmz1q0uugf.webp"",""isPrimary"":true,""sortOrder"":0}]","[{""label"":""Código"",""value"":""G62703"",""sortOrder"":1},{""label"":""Marca"",""value"":""Gallagher"",""sortOrder"":2},{""label"":""Modelo"",""value"":""100"",""sortOrder"":3},{""label"":""Categoría"",""value"":""Electrificación Accesorios"",""sortOrder"":4}]","[{""priceList"":""minorista"",""currency"":""USD"",""netPrice"":208.48,""taxRate"":21}]","[]"
"G62930","Gallagher Manijon de compresion aislado con resorte","GALLAGHER","Electrificación Accesorios","Accesorio para cerco eléctrico Gallagher","Gallagher Manijon de compresion aislado con resorte. Accesorio para cerco eléctrico diseñado para una instalación prolija y durable. Contribuye a la correcta conducción, sujeción o conexión según el componente, manteniendo la eficiencia del sistema. Código/SKU: G62930.","2.77","USD","true","false","[{""url"":""https://res.cloudinary.com/dqcb3hmi3/image/upload/v1785423817/ifedel/products/G62930/yp2rebxw9944ov5gwogw.jpg"",""isPrimary"":true,""sortOrder"":0}]","[{""label"":""Código"",""value"":""G62930"",""sortOrder"":1},{""label"":""Marca"",""value"":""Gallagher"",""sortOrder"":2},{""label"":""Categoría"",""value"":""Electrificación Accesorios"",""sortOrder"":3}]","[{""priceList"":""minorista"",""currency"":""USD"",""netPrice"":3.59,""taxRate"":21}]","[]"
"G62952","Gallagher Manijon de compresion aislado con resorte azul Pk 6","GALLAGHER","Electrificación Accesorios","Accesorio para cerco eléctrico Gallagher","Gallagher Manijon de compresion aislado con resorte azul Pk 6. Accesorio para cerco eléctrico diseñado para una instalación prolija y durable. Contribuye a la correcta conducción, sujeción o conexión según el componente, manteniendo la eficiencia del sistema. Código/SKU: G62952.","15.8","USD","true","false","[{""url"":""https://res.cloudinary.com/dqcb3hmi3/image/upload/v1785423851/ifedel/products/G62952/nxl5uhyhljdsopoy5mjc.jpg"",""isPrimary"":true,""sortOrder"":0}]","[{""label"":""Código"",""value"":""G62952"",""sortOrder"":1},{""label"":""Marca"",""value"":""Gallagher"",""sortOrder"":2},{""label"":""Categoría"",""value"":""Electrificación Accesorios"",""sortOrder"":3}]","[{""priceList"":""minorista"",""currency"":""USD"",""netPrice"":20.54,""taxRate"":21}]","[]"
"G63705","Gallagher Varilla Multiposición x 50 unidades","GALLAGHER","Electrificación Accesorios","Accesorio para cerco eléctrico Gallagher","Gallagher Varilla Multiposición x 50 unidades. Accesorio para cerco eléctrico diseñado para una instalación prolija y durable. Contribuye a la correcta conducción, sujeción o conexión según el componente, manteniendo la eficiencia del sistema. Código/SKU: G63705.","248.26","USD","true","false","[{""url"":""https://res.cloudinary.com/dqcb3hmi3/image/upload/v1785423889/ifedel/products/G63705/rp5eew6hvxhrrgpnpak6.jpg"",""isPrimary"":true,""sortOrder"":0}]","[{""label"":""Código"",""value"":""G63705"",""sortOrder"":1},{""label"":""Marca"",""value"":""Gallagher"",""sortOrder"":2},{""label"":""Modelo"",""value"":""50"",""sortOrder"":3},{""label"":""Categoría"",""value"":""Electrificación Accesorios"",""sortOrder"":4}]","[{""priceList"":""minorista"",""currency"":""USD"",""netPrice"":310.32,""taxRate"":21}]","[]"
"G63800","Gallagher TumbleWheel Pk5","GALLAGHER","Electrificación Accesorios","Accesorio para cerco eléctrico Gallagher","Gallagher TumbleWheel Pk5. Accesorio para cerco eléctrico diseñado para una instalación prolija y durable. Contribuye a la correcta conducción, sujeción o conexión según el componente, manteniendo la eficiencia del sistema. Código/SKU: G63800.","587.21","USD","true","false","[{""url"":""https://res.cloudinary.com/dqcb3hmi3/image/upload/v1785422530/ifedel/products/G63800/wr12ctxlky7abylszo3p.jpg"",""isPrimary"":true,""sortOrder"":0}]","[{""label"":""Código"",""value"":""G63800"",""sortOrder"":1},{""label"":""Marca"",""value"":""Gallagher"",""sortOrder"":2},{""label"":""Categoría"",""value"":""Electrificación Accesorios"",""sortOrder"":3}]","[{""priceList"":""minorista"",""currency"":""USD"",""netPrice"":734.01,""taxRate"":21}]","[]"
"G63930","Gallagher Manija de trabajo pesado Pack 20","GALLAGHER","Electrificación Accesorios","Accesorio para cerco eléctrico Gallagher","Gallagher Manija de trabajo pesado Pack 20. Accesorio para cerco eléctrico diseñado para una instalación prolija y durable. Contribuye a la correcta conducción, sujeción o conexión según el componente, manteniendo la eficiencia del sistema. Código/SKU: G63930.","143.15","USD","true","false","[{""url"":""https://res.cloudinary.com/dqcb3hmi3/image/upload/v1785423969/ifedel/products/G63930/kcumzujx6i9mt5z432dk.jpg"",""isPrimary"":true,""sortOrder"":0}]","[{""label"":""Código"",""value"":""G63930"",""sortOrder"":1},{""label"":""Marca"",""value"":""Gallagher"",""sortOrder"":2},{""label"":""Modelo"",""value"":""20"",""sortOrder"":3},{""label"":""Categoría"",""value"":""Electrificación Accesorios"",""sortOrder"":4}]","[{""priceList"":""minorista"",""currency"":""USD"",""netPrice"":186.1,""taxRate"":21}]","[]"
"G64000","Gallagher Kit puerta resorte galvanizado","GALLAGHER","Electrificación Accesorios","Kit de puerta a resorte galvanizado para cerco eléctrico","Kit de tranquera a resorte Gallagher, pre-armado y económico, apto para aberturas de 3 a 5 metros sin sobre-estirar el resorte. Diseño de mayor durabilidad ya que el resorte no toca el suelo al abrir la puerta (se retrae a una posición colgante de 550mm). Incluye manija aislada, resorte galvanizado, aislador Pinlock y ancla de puerta de 3 vías. Nota: alimenta desde el extremo de la manija; no recomendado para instalaciones con caballos. Código/SKU: G64000.","28.98","USD","true","false","[{""url"":""https://res.cloudinary.com/dqcb3hmi3/image/upload/v1785424146/ifedel/products/G64000/dcd9cs4sfvtwawrhftiv.jpg"",""isPrimary"":true,""sortOrder"":0}]","[{""label"":""Código"",""value"":""G64000"",""sortOrder"":1},{""label"":""Marca"",""value"":""Gallagher"",""sortOrder"":2},{""label"":""Categoría"",""value"":""Electrificación Accesorios"",""sortOrder"":3},{""label"":""Ancho de tranquera"",""value"":""3 a 5 m"",""sortOrder"":4},{""label"":""Incluye"",""value"":""Manija aislada, resorte galvanizado, aislador Pinlock, ancla 3 vías"",""sortOrder"":5},{""label"":""Peso"",""value"":""0,72 kg"",""sortOrder"":6}]","[{""priceList"":""minorista"",""currency"":""USD"",""netPrice"":37.67,""taxRate"":21}]","[]"
"G64050","Gallagher Kit puerta Bungy 3.5 - 7M","GALLAGHER","Electrificación Accesorios","Kit puerta Bungy elástica 3,5-7m para cerco eléctrico","Portón previamente ensamblado con cuerda elástica (bungy) Gallagher, ideal para caminos de entrada/salida. La cuerda, fabricada en caucho resistente a rayos UV, se estira hasta el doble de su largo original (de 3,5m a 7m) y está reforzada con 4 hebras de acero inoxidable para máxima durabilidad y electrificación. Incluye manija de alta visibilidad, aislador Pinlock de alta resistencia y anclaje de 3 vías para conexiones adicionales seguras. Un sistema de gripper permite ajustar el largo de la cuerda sin nudos ni crimpado. Código/SKU: G64050.","36.79","USD","true","false","[{""url"":""https://res.cloudinary.com/dqcb3hmi3/image/upload/v1785424185/ifedel/products/G64050/tzw27gvwrbwyd7y4ky5u.jpg"",""isPrimary"":true,""sortOrder"":0}]","[{""label"":""Código"",""value"":""G64050"",""sortOrder"":1},{""label"":""Marca"",""value"":""Gallagher"",""sortOrder"":2},{""label"":""Categoría"",""value"":""Electrificación Accesorios"",""sortOrder"":3},{""label"":""Rango de longitud"",""value"":""3,5 a 7 m"",""sortOrder"":4},{""label"":""Incluye"",""value"":""Manija, cuerda bungy, 2 grippers, anclaje 3 vías, aislador Pinlock"",""sortOrder"":5}]","[{""priceList"":""minorista"",""currency"":""USD"",""netPrice"":47.82,""taxRate"":21}]","[]"
"G64100","Gallagher Kit puerta cinta","GALLAGHER","Electrificación Accesorios","Accesorio para cerco eléctrico Gallagher","Gallagher Kit puerta cinta. Accesorio para cerco eléctrico diseñado para una instalación prolija y durable. Contribuye a la correcta conducción, sujeción o conexión según el componente, manteniendo la eficiencia del sistema. Código/SKU: G64100.","33.57","USD","true","false","[{""url"":""https://res.cloudinary.com/dqcb3hmi3/image/upload/v1785424213/ifedel/products/G64100/upphjrxgtqx5xotnemgi.jpg"",""isPrimary"":true,""sortOrder"":0}]","[{""label"":""Código"",""value"":""G64100"",""sortOrder"":1},{""label"":""Marca"",""value"":""Gallagher"",""sortOrder"":2},{""label"":""Categoría"",""value"":""Electrificación Accesorios"",""sortOrder"":3}]","[{""priceList"":""minorista"",""currency"":""USD"",""netPrice"":43.64,""taxRate"":21}]","[]"
"G64304","Gallagher Tensor redondo de alambres permanantes x 25 unid","GALLAGHER","Electrificación Accesorios","Accesorio para cerco eléctrico Gallagher","Gallagher Tensor redondo de alambres permanantes x 25 unid. Accesorio para cerco eléctrico diseñado para una instalación prolija y durable. Contribuye a la correcta conducción, sujeción o conexión según el componente, manteniendo la eficiencia del sistema. Código/SKU: G64304.","88.97","USD","true","false","[{""url"":""https://res.cloudinary.com/dqcb3hmi3/image/upload/v1785424242/ifedel/products/G64304/bphoe6qpzhjxh0oh3kpa.jpg"",""isPrimary"":true,""sortOrder"":0}]","[{""label"":""Código"",""value"":""G64304"",""sortOrder"":1},{""label"":""Marca"",""value"":""Gallagher"",""sortOrder"":2},{""label"":""Modelo"",""value"":""25"",""sortOrder"":3},{""label"":""Categoría"",""value"":""Electrificación Accesorios"",""sortOrder"":4}]","[{""priceList"":""minorista"",""currency"":""USD"",""netPrice"":115.66,""taxRate"":21}]","[]"
"G64912","Gallagher Anclaje de 3 guias (para manijas de tranqueras)","GALLAGHER","Electrificación Accesorios","Accesorio para cerco eléctrico Gallagher","Gallagher Anclaje de 3 guias (para manijas de tranqueras). Accesorio para cerco eléctrico diseñado para una instalación prolija y durable. Contribuye a la correcta conducción, sujeción o conexión según el componente, manteniendo la eficiencia del sistema. Código/SKU: G64912.","24.19","USD","true","false","[{""url"":""https://res.cloudinary.com/dqcb3hmi3/image/upload/v1785424868/ifedel/products/G64912/xhc0tff9zj66qbbkyoc8.jpg"",""isPrimary"":true,""sortOrder"":0}]","[{""label"":""Código"",""value"":""G64912"",""sortOrder"":1},{""label"":""Marca"",""value"":""Gallagher"",""sortOrder"":2},{""label"":""Categoría"",""value"":""Electrificación Accesorios"",""sortOrder"":3}]","[{""priceList"":""minorista"",""currency"":""USD"",""netPrice"":31.45,""taxRate"":21}]","[]"
"G66604","Gallagher Aislador a rosca (anillo negro) Pack 25 unidades","GALLAGHER","Electrificación Accesorios","Accesorio para cerco eléctrico Gallagher","Gallagher Aislador a rosca (anillo negro) Pack 25 unidades. Accesorio para cerco eléctrico diseñado para una instalación prolija y durable. Contribuye a la correcta conducción, sujeción o conexión según el componente, manteniendo la eficiencia del sistema. Código/SKU: G66604.","17.64","USD","true","false","[{""url"":""https://res.cloudinary.com/dqcb3hmi3/image/upload/v1785422772/ifedel/products/G66604/iovtgpehc4zueksa9r9s.jpg"",""isPrimary"":true,""sortOrder"":0}]","[{""label"":""Código"",""value"":""G66604"",""sortOrder"":1},{""label"":""Marca"",""value"":""Gallagher"",""sortOrder"":2},{""label"":""Modelo"",""value"":""25"",""sortOrder"":3},{""label"":""Categoría"",""value"":""Electrificación Accesorios"",""sortOrder"":4}]","[{""priceList"":""minorista"",""currency"":""USD"",""netPrice"":22.94,""taxRate"":21}]","[]"
"G67304","Gallagher Aislador Gancho W Poste de Madera PK 25","GALLAGHER","Electrificación Accesorios","Accesorio para cerco eléctrico Gallagher","Gallagher Aislador Gancho W Poste de Madera PK 25. Accesorio para cerco eléctrico diseñado para una instalación prolija y durable. Contribuye a la correcta conducción, sujeción o conexión según el componente, manteniendo la eficiencia del sistema. Código/SKU: G67304.","10.55","USD","true","false","[{""url"":""https://res.cloudinary.com/dqcb3hmi3/image/upload/v1785422812/ifedel/products/G67304/cfk40wti0gn3srqv9qhi.jpg"",""isPrimary"":true,""sortOrder"":0}]","[{""label"":""Código"",""value"":""G67304"",""sortOrder"":1},{""label"":""Marca"",""value"":""Gallagher"",""sortOrder"":2},{""label"":""Modelo"",""value"":""25"",""sortOrder"":3},{""label"":""Categoría"",""value"":""Electrificación Accesorios"",""sortOrder"":4}]","[{""priceList"":""minorista"",""currency"":""USD"",""netPrice"":13.72,""taxRate"":21}]","[]"
"G67309","Gallagher Aislador Gancho W Poste de Madera PK 1000","GALLAGHER","Electrificación Accesorios","Accesorio para cerco eléctrico Gallagher","Gallagher Aislador Gancho W Poste de Madera PK 1000. Accesorio para cerco eléctrico diseñado para una instalación prolija y durable. Contribuye a la correcta conducción, sujeción o conexión según el componente, manteniendo la eficiencia del sistema. Código/SKU: G67309.","226.77","USD","true","false","[{""url"":""https://res.cloudinary.com/dqcb3hmi3/image/upload/v1785422845/ifedel/products/G67309/iq9swgueiz7h2rbzqzaz.jpg"",""isPrimary"":true,""sortOrder"":0}]","[{""label"":""Código"",""value"":""G67309"",""sortOrder"":1},{""label"":""Marca"",""value"":""Gallagher"",""sortOrder"":2},{""label"":""Modelo"",""value"":""1000"",""sortOrder"":3},{""label"":""Categoría"",""value"":""Electrificación Accesorios"",""sortOrder"":4}]","[{""priceList"":""minorista"",""currency"":""USD"",""netPrice"":294.8,""taxRate"":21}]","[]"
"G67704","Gallagher Aislador S terminal esquinero Pack 25 unidades","GALLAGHER","Electrificación Accesorios","Accesorio para cerco eléctrico Gallagher","Gallagher Aislador S terminal esquinero Pack 25 unidades. Accesorio para cerco eléctrico diseñado para una instalación prolija y durable. Contribuye a la correcta conducción, sujeción o conexión según el componente, manteniendo la eficiencia del sistema. Código/SKU: G67704.","19.59","USD","true","false","[{""url"":""https://res.cloudinary.com/dqcb3hmi3/image/upload/v1785422990/ifedel/products/G67704/bydwodcxlnhlvylgtx2w.jpg"",""isPrimary"":true,""sortOrder"":0}]","[{""label"":""Código"",""value"":""G67704"",""sortOrder"":1},{""label"":""Marca"",""value"":""Gallagher"",""sortOrder"":2},{""label"":""Modelo"",""value"":""25"",""sortOrder"":3},{""label"":""Categoría"",""value"":""Electrificación Accesorios"",""sortOrder"":4}]","[{""priceList"":""minorista"",""currency"":""USD"",""netPrice"":25.46,""taxRate"":21}]","[]"
"G67814","Gallagher Aislador terminal blanco Alta Tension Pack 25 unidades","GALLAGHER","Electrificación Accesorios","Accesorio para cerco eléctrico Gallagher","Gallagher Aislador terminal blanco Alta Tension Pack 25 unidades. Accesorio para cerco eléctrico diseñado para una instalación prolija y durable. Contribuye a la correcta conducción, sujeción o conexión según el componente, manteniendo la eficiencia del sistema. Código/SKU: G67814.","48.67","USD","true","false","[{""url"":""https://res.cloudinary.com/dqcb3hmi3/image/upload/v1785423053/ifedel/products/G67814/yycjveb5q7hgheq9huwt.jpg"",""isPrimary"":false,""sortOrder"":0},{""url"":""https://res.cloudinary.com/dqcb3hmi3/image/upload/v1785423057/ifedel/products/G67814/cgtidqknq5zp7w2hqumd.jpg"",""isPrimary"":true,""sortOrder"":1},{""url"":""https://res.cloudinary.com/dqcb3hmi3/image/upload/v1785423064/ifedel/products/G67814/nqoqqonxhw916zklqiuf.jpg"",""isPrimary"":false,""sortOrder"":2}]","[{""label"":""Código"",""value"":""G67814"",""sortOrder"":1},{""label"":""Marca"",""value"":""Gallagher"",""sortOrder"":2},{""label"":""Modelo"",""value"":""25"",""sortOrder"":3},{""label"":""Categoría"",""value"":""Electrificación Accesorios"",""sortOrder"":4}]","[{""priceList"":""minorista"",""currency"":""USD"",""netPrice"":60.84,""taxRate"":21}]","[]"
"G67817","Gallagher Aislador terminal blanco Alta Tension Pack 150 unidades","GALLAGHER","Electrificación Accesorios","Accesorio para cerco eléctrico Gallagher","Gallagher Aislador terminal blanco Alta Tension Pack 150 unidades. Accesorio para cerco eléctrico diseñado para una instalación prolija y durable. Contribuye a la correcta conducción, sujeción o conexión según el componente, manteniendo la eficiencia del sistema. Código/SKU: G67817.","275.99","USD","true","false","[{""url"":""https://res.cloudinary.com/dqcb3hmi3/image/upload/v1785423103/ifedel/products/G67817/sw73g9y1khkjta7uzopw.jpg"",""isPrimary"":true,""sortOrder"":0},{""url"":""https://res.cloudinary.com/dqcb3hmi3/image/upload/v1785423107/ifedel/products/G67817/cxuuwsxmh2glthmnyvxc.jpg"",""isPrimary"":false,""sortOrder"":1},{""url"":""https://res.cloudinary.com/dqcb3hmi3/image/upload/v1785423110/ifedel/products/G67817/zoira425iup5zw5azjuo.jpg"",""isPrimary"":false,""sortOrder"":2}]","[{""label"":""Código"",""value"":""G67817"",""sortOrder"":1},{""label"":""Marca"",""value"":""Gallagher"",""sortOrder"":2},{""label"":""Modelo"",""value"":""150"",""sortOrder"":3},{""label"":""Categoría"",""value"":""Electrificación Accesorios"",""sortOrder"":4}]","[{""priceList"":""minorista"",""currency"":""USD"",""netPrice"":344.99,""taxRate"":21}]","[]"
"G68604","Gallagher Aislador Pinlock Steel Pack 25 unidades","GALLAGHER","Electrificación Accesorios","Accesorio para cerco eléctrico Gallagher","Gallagher Aislador Pinlock Steel Pack 25 unidades. Accesorio para cerco eléctrico diseñado para una instalación prolija y durable. Contribuye a la correcta conducción, sujeción o conexión según el componente, manteniendo la eficiencia del sistema. Código/SKU: G68604.","17.74","USD","true","false","[{""url"":""https://res.cloudinary.com/dqcb3hmi3/image/upload/v1785423156/ifedel/products/G68604/rhauy4oumfelyswwlbix.jpg"",""isPrimary"":true,""sortOrder"":0}]","[{""label"":""Código"",""value"":""G68604"",""sortOrder"":1},{""label"":""Marca"",""value"":""Gallagher"",""sortOrder"":2},{""label"":""Modelo"",""value"":""25"",""sortOrder"":3},{""label"":""Categoría"",""value"":""Electrificación Accesorios"",""sortOrder"":4}]","[{""priceList"":""minorista"",""currency"":""USD"",""netPrice"":23.06,""taxRate"":21}]","[]"
"G68704","Gallagher Aislador Pinlock Pack 25 unidades","GALLAGHER","Electrificación Accesorios","Accesorio para cerco eléctrico Gallagher","Gallagher Aislador Pinlock Pack 25 unidades. Accesorio para cerco eléctrico diseñado para una instalación prolija y durable. Contribuye a la correcta conducción, sujeción o conexión según el componente, manteniendo la eficiencia del sistema. Código/SKU: G68704.","15.18","USD","true","false","[{""url"":""https://res.cloudinary.com/dqcb3hmi3/image/upload/v1785423189/ifedel/products/G68704/wki7ygpfpydnbf4doa38.jpg"",""isPrimary"":true,""sortOrder"":0}]","[{""label"":""Código"",""value"":""G68704"",""sortOrder"":1},{""label"":""Marca"",""value"":""Gallagher"",""sortOrder"":2},{""label"":""Modelo"",""value"":""25"",""sortOrder"":3},{""label"":""Categoría"",""value"":""Electrificación Accesorios"",""sortOrder"":4}]","[{""priceList"":""minorista"",""currency"":""USD"",""netPrice"":19.73,""taxRate"":21}]","[]"
"G68707","Gallagher Aislador Pinlock Pack 150 unidades","GALLAGHER","Electrificación Accesorios","Accesorio para cerco eléctrico Gallagher","Gallagher Aislador Pinlock Pack 150 unidades. Accesorio para cerco eléctrico diseñado para una instalación prolija y durable. Contribuye a la correcta conducción, sujeción o conexión según el componente, manteniendo la eficiencia del sistema. Código/SKU: G68707.","78.32","USD","true","false","[{""url"":""https://res.cloudinary.com/dqcb3hmi3/image/upload/v1785423231/ifedel/products/G68707/utvbwqcskyhqn33itgsr.jpg"",""isPrimary"":true,""sortOrder"":0}]","[{""label"":""Código"",""value"":""G68707"",""sortOrder"":1},{""label"":""Marca"",""value"":""Gallagher"",""sortOrder"":2},{""label"":""Modelo"",""value"":""150"",""sortOrder"":3},{""label"":""Categoría"",""value"":""Electrificación Accesorios"",""sortOrder"":4}]","[{""priceList"":""minorista"",""currency"":""USD"",""netPrice"":101.82,""taxRate"":21}]","[]"
"G68709","Gallagher Aislador Pinlock WD Pack 650","GALLAGHER","Electrificación Accesorios","Accesorio para cerco eléctrico Gallagher","Gallagher Aislador Pinlock WD Pack 650. Accesorio para cerco eléctrico diseñado para una instalación prolija y durable. Contribuye a la correcta conducción, sujeción o conexión según el componente, manteniendo la eficiencia del sistema. Código/SKU: G68709.","288.38","USD","true","false","[{""url"":""https://res.cloudinary.com/dqcb3hmi3/image/upload/v1785423262/ifedel/products/G68709/igmviy6f8feoole95hn6.jpg"",""isPrimary"":true,""sortOrder"":0},{""url"":""https://res.cloudinary.com/dqcb3hmi3/image/upload/v1785423268/ifedel/products/G68709/zdd1fzbhoouh3iay0giu.jpg"",""isPrimary"":false,""sortOrder"":1}]","[{""label"":""Código"",""value"":""G68709"",""sortOrder"":1},{""label"":""Marca"",""value"":""Gallagher"",""sortOrder"":2},{""label"":""Modelo"",""value"":""650"",""sortOrder"":3},{""label"":""Categoría"",""value"":""Electrificación Accesorios"",""sortOrder"":4}]","[{""priceList"":""minorista"",""currency"":""USD"",""netPrice"":360.48,""taxRate"":21}]","[]"
"G70000","Gallagher Sistema de cerco portatil Smartfence","GALLAGHER","Electrificación Accesorios","Accesorio para cerco eléctrico Gallagher","Gallagher Sistema de cerco portatil Smartfence. Accesorio para cerco eléctrico diseñado para una instalación prolija y durable. Contribuye a la correcta conducción, sujeción o conexión según el componente, manteniendo la eficiencia del sistema. Código/SKU: G70000.","580.42","USD","true","false","[{""url"":""https://res.cloudinary.com/dqcb3hmi3/image/upload/v1785422482/ifedel/products/G70000/kliqkl5tu8fhbrtwsahb.jpg"",""isPrimary"":true,""sortOrder"":0},{""url"":""https://res.cloudinary.com/dqcb3hmi3/image/upload/v1785422486/ifedel/products/G70000/ewpgewcsvzyzxsqyvugs.jpg"",""isPrimary"":false,""sortOrder"":1}]","[{""label"":""Código"",""value"":""G70000"",""sortOrder"":1},{""label"":""Marca"",""value"":""Gallagher"",""sortOrder"":2},{""label"":""Categoría"",""value"":""Electrificación Accesorios"",""sortOrder"":3}]","[{""priceList"":""minorista"",""currency"":""USD"",""netPrice"":725.52,""taxRate"":21}]","[]"
"G71100","Gallagher Puerta acceso vehiculos (KIT DE INSTALACIÓN)","GALLAGHER","Electrificación Accesorios","Accesorio para cerco eléctrico Gallagher","Gallagher Puerta acceso vehiculos (KIT DE INSTALACIÓN). Accesorio para cerco eléctrico diseñado para una instalación prolija y durable. Contribuye a la correcta conducción, sujeción o conexión según el componente, manteniendo la eficiencia del sistema. Código/SKU: G71100.","146.32","USD","true","false","[{""url"":""https://res.cloudinary.com/dqcb3hmi3/image/upload/v1785424900/ifedel/products/G71100/lroh4wtuepdl9cz7xblc.jpg"",""isPrimary"":true,""sortOrder"":0}]","[{""label"":""Código"",""value"":""G71100"",""sortOrder"":1},{""label"":""Marca"",""value"":""Gallagher"",""sortOrder"":2},{""label"":""Categoría"",""value"":""Electrificación Accesorios"",""sortOrder"":3}]","[{""priceList"":""minorista"",""currency"":""USD"",""netPrice"":182.9,""taxRate"":21}]","[]"
"G71114","Gallagher Puerta acceso vehiculos 4.27 mts ancho","GALLAGHER","Electrificación Accesorios","Accesorio para cerco eléctrico Gallagher","Gallagher Puerta acceso vehiculos 4.27 mts ancho. Accesorio para cerco eléctrico diseñado para una instalación prolija y durable. Contribuye a la correcta conducción, sujeción o conexión según el componente, manteniendo la eficiencia del sistema. Código/SKU: G71114.","138.25","USD","true","false","[{""url"":""https://res.cloudinary.com/dqcb3hmi3/image/upload/v1785424927/ifedel/products/G71114/jzezz449swoghkdgqbrl.jpg"",""isPrimary"":true,""sortOrder"":0}]","[{""label"":""Código"",""value"":""G71114"",""sortOrder"":1},{""label"":""Marca"",""value"":""Gallagher"",""sortOrder"":2},{""label"":""Modelo"",""value"":""27"",""sortOrder"":3},{""label"":""Categoría"",""value"":""Electrificación Accesorios"",""sortOrder"":4}]","[{""priceList"":""minorista"",""currency"":""USD"",""netPrice"":179.73,""taxRate"":21}]","[]"
"G71116","Gallagher Puerta acceso vehiculos 4.88 mts ancho","GALLAGHER","Electrificación Accesorios","Accesorio para cerco eléctrico Gallagher","Gallagher Puerta acceso vehiculos 4.88 mts ancho. Accesorio para cerco eléctrico diseñado para una instalación prolija y durable. Contribuye a la correcta conducción, sujeción o conexión según el componente, manteniendo la eficiencia del sistema. Código/SKU: G71116.","189.13","USD","true","false","[{""url"":""https://res.cloudinary.com/dqcb3hmi3/image/upload/v1785424976/ifedel/products/G71116/tmqq6eblhmuzdyrgnbgf.jpg"",""isPrimary"":true,""sortOrder"":0}]","[{""label"":""Código"",""value"":""G71116"",""sortOrder"":1},{""label"":""Marca"",""value"":""Gallagher"",""sortOrder"":2},{""label"":""Modelo"",""value"":""88"",""sortOrder"":3},{""label"":""Categoría"",""value"":""Electrificación Accesorios"",""sortOrder"":4}]","[{""priceList"":""minorista"",""currency"":""USD"",""netPrice"":245.87,""taxRate"":21}]","[]"
"G71208","Gallagher Aislador Staple On Pack 200 unidades","GALLAGHER","Electrificación Accesorios","Aislador Staple On para poste de madera - Pack 200 unidades","Aislador tipo garra (claw) Gallagher para postes de madera, de fijación por grapado (staple-on). Opción económica para cercos eléctricos de bajo voltaje en condiciones secas, con instalación y remoción de alambre simple y rápida. Fabricado en plástico resistente a rayos UV para larga vida útil. Presentación en pack de 200 unidades. Código/SKU: G71208.","59.25","USD","true","false","[]","[{""label"":""Código"",""value"":""G71208"",""sortOrder"":1},{""label"":""Marca"",""value"":""Gallagher"",""sortOrder"":2},{""label"":""Categoría"",""value"":""Electrificación Accesorios"",""sortOrder"":3},{""label"":""Tipo de poste"",""value"":""Madera"",""sortOrder"":4},{""label"":""Fijación"",""value"":""Staple-on (grapado)"",""sortOrder"":5},{""label"":""Contenido"",""value"":""200 unidades"",""sortOrder"":6},{""label"":""Material"",""value"":""Plástico UV resistente"",""sortOrder"":7}]","[{""priceList"":""minorista"",""currency"":""USD"",""netPrice"":77.03,""taxRate"":21}]","[]"
"G71300","Gallagher Herramienta para aislador a rosca","GALLAGHER","Electrificación Accesorios","Accesorio para cerco eléctrico Gallagher","Gallagher Herramienta para aislador a rosca. Accesorio para cerco eléctrico diseñado para una instalación prolija y durable. Contribuye a la correcta conducción, sujeción o conexión según el componente, manteniendo la eficiencia del sistema. Código/SKU: G71300.","12","USD","true","false","[{""url"":""https://res.cloudinary.com/dqcb3hmi3/image/upload/v1785422695/ifedel/products/G71300/mnlf9ojkttg9kxkjqyrg.jpg"",""isPrimary"":true,""sortOrder"":0}]","[{""label"":""Código"",""value"":""G71300"",""sortOrder"":1},{""label"":""Marca"",""value"":""Gallagher"",""sortOrder"":2},{""label"":""Categoría"",""value"":""Electrificación Accesorios"",""sortOrder"":3}]","[{""priceList"":""minorista"",""currency"":""USD"",""netPrice"":15,""taxRate"":21}]","[]"
"G72313","Gallagher Estaca anillo pasador superior 850 mm 6 mm Pk10","GALLAGHER","Electrificación Accesorios","Accesorio para cerco eléctrico Gallagher","Gallagher Estaca anillo pasador superior 850 mm 6 mm Pk10. Accesorio para cerco eléctrico diseñado para una instalación prolija y durable. Contribuye a la correcta conducción, sujeción o conexión según el componente, manteniendo la eficiencia del sistema. Código/SKU: G72313.","81.08","USD","true","false","[{""url"":""https://res.cloudinary.com/dqcb3hmi3/image/upload/v1785425001/ifedel/products/G72313/t1kyklmqkcw494xwsipm.jpg"",""isPrimary"":true,""sortOrder"":0},{""url"":""https://res.cloudinary.com/dqcb3hmi3/image/upload/v1785425005/ifedel/products/G72313/ikuvwjrrrbmgosjnonkx.jpg"",""isPrimary"":false,""sortOrder"":1}]","[{""label"":""Código"",""value"":""G72313"",""sortOrder"":1},{""label"":""Marca"",""value"":""Gallagher"",""sortOrder"":2},{""label"":""Modelo"",""value"":""850"",""sortOrder"":3},{""label"":""Categoría"",""value"":""Electrificación Accesorios"",""sortOrder"":4}]","[{""priceList"":""minorista"",""currency"":""USD"",""netPrice"":105.4,""taxRate"":21}]","[]"
"G73830","Gallagher Manija doble proposito Pack 20","GALLAGHER","Electrificación Accesorios","Accesorio para cerco eléctrico Gallagher","Gallagher Manija doble proposito Pack 20. Accesorio para cerco eléctrico diseñado para una instalación prolija y durable. Contribuye a la correcta conducción, sujeción o conexión según el componente, manteniendo la eficiencia del sistema. Código/SKU: G73830.","124.43","USD","true","false","[{""url"":""https://res.cloudinary.com/dqcb3hmi3/image/upload/v1785423939/ifedel/products/G73830/hwafspo3hqwpv1loaiig.jpg"",""isPrimary"":true,""sortOrder"":0}]","[{""label"":""Código"",""value"":""G73830"",""sortOrder"":1},{""label"":""Marca"",""value"":""Gallagher"",""sortOrder"":2},{""label"":""Modelo"",""value"":""20"",""sortOrder"":3},{""label"":""Categoría"",""value"":""Electrificación Accesorios"",""sortOrder"":4}]","[{""priceList"":""minorista"",""currency"":""USD"",""netPrice"":161.76,""taxRate"":21}]","[]"
"G74233","Gallagher Poste de linea aislado 1500mm pk10","GALLAGHER","Electrificación Accesorios","Accesorio para cerco eléctrico Gallagher","Gallagher Poste de linea aislado 1500mm pk10. Accesorio para cerco eléctrico diseñado para una instalación prolija y durable. Contribuye a la correcta conducción, sujeción o conexión según el componente, manteniendo la eficiencia del sistema. Código/SKU: G74233.","255.49","USD","true","false","[{""url"":""https://res.cloudinary.com/dqcb3hmi3/image/upload/v1785425038/ifedel/products/G74233/vtjaoichvrugfpok1yjd.jpg"",""isPrimary"":true,""sortOrder"":0},{""url"":""https://res.cloudinary.com/dqcb3hmi3/image/upload/v1785425041/ifedel/products/G74233/qyed6maaessubabntnzv.jpg"",""isPrimary"":false,""sortOrder"":1}]","[{""label"":""Código"",""value"":""G74233"",""sortOrder"":1},{""label"":""Marca"",""value"":""Gallagher"",""sortOrder"":2},{""label"":""Categoría"",""value"":""Electrificación Accesorios"",""sortOrder"":3}]","[{""priceList"":""minorista"",""currency"":""USD"",""netPrice"":332.13,""taxRate"":21}]","[]"
"G74313","Gallagher Tensor con aislador con puente Pack 20 unidades","GALLAGHER","Electrificación Accesorios","Accesorio para cerco eléctrico Gallagher","Gallagher Tensor con aislador con puente Pack 20 unidades. Accesorio para cerco eléctrico diseñado para una instalación prolija y durable. Contribuye a la correcta conducción, sujeción o conexión según el componente, manteniendo la eficiencia del sistema. Código/SKU: G74313.","168.09","USD","true","false","[{""url"":""https://res.cloudinary.com/dqcb3hmi3/image/upload/v1785424271/ifedel/products/G74313/bvwntrumhrkkjietjg4u.jpg"",""isPrimary"":true,""sortOrder"":0},{""url"":""https://res.cloudinary.com/dqcb3hmi3/image/upload/v1785424274/ifedel/products/G74313/sr21jtgvzqylsu4e95pe.jpg"",""isPrimary"":false,""sortOrder"":1}]","[{""label"":""Código"",""value"":""G74313"",""sortOrder"":1},{""label"":""Marca"",""value"":""Gallagher"",""sortOrder"":2},{""label"":""Modelo"",""value"":""20"",""sortOrder"":3},{""label"":""Categoría"",""value"":""Electrificación Accesorios"",""sortOrder"":4}]","[{""priceList"":""minorista"",""currency"":""USD"",""netPrice"":218.51,""taxRate"":21}]","[]"
"G74430","Gallagher Clip para poste de linea aislado pk20","GALLAGHER","Electrificación Accesorios","Accesorio para cerco eléctrico Gallagher","Gallagher Clip para poste de linea aislado pk20. Accesorio para cerco eléctrico diseñado para una instalación prolija y durable. Contribuye a la correcta conducción, sujeción o conexión según el componente, manteniendo la eficiencia del sistema. Código/SKU: G74430.","12.97","USD","true","false","[]","[{""label"":""Código"",""value"":""G74430"",""sortOrder"":1},{""label"":""Marca"",""value"":""Gallagher"",""sortOrder"":2},{""label"":""Categoría"",""value"":""Electrificación Accesorios"",""sortOrder"":3}]","[{""priceList"":""minorista"",""currency"":""USD"",""netPrice"":16.86,""taxRate"":21}]","[]"
"G74635","Gallagher Pinlock Pin x 50 unidades (Pin para trabajo pesado)","GALLAGHER","Electrificación Accesorios","Accesorio para cerco eléctrico Gallagher","Gallagher Pinlock Pin x 50 unidades (Pin para trabajo pesado). Accesorio para cerco eléctrico diseñado para una instalación prolija y durable. Contribuye a la correcta conducción, sujeción o conexión según el componente, manteniendo la eficiencia del sistema. Código/SKU: G74635.","18.37","USD","true","false","[{""url"":""https://res.cloudinary.com/dqcb3hmi3/image/upload/v1785425084/ifedel/products/G74635/yjhrqg46u2i2tlzs1q2u.jpg"",""isPrimary"":true,""sortOrder"":0}]","[{""label"":""Código"",""value"":""G74635"",""sortOrder"":1},{""label"":""Marca"",""value"":""Gallagher"",""sortOrder"":2},{""label"":""Modelo"",""value"":""50"",""sortOrder"":3},{""label"":""Categoría"",""value"":""Electrificación Accesorios"",""sortOrder"":4}]","[{""priceList"":""minorista"",""currency"":""USD"",""netPrice"":23.88,""taxRate"":21}]","[]"
"G79504","Gallagher Tensor estandar galvanizado Pack 25 unidades","GALLAGHER","Electrificación Accesorios","Accesorio para cerco eléctrico Gallagher","Gallagher Tensor estandar galvanizado Pack 25 unidades. Accesorio para cerco eléctrico diseñado para una instalación prolija y durable. Contribuye a la correcta conducción, sujeción o conexión según el componente, manteniendo la eficiencia del sistema. Código/SKU: G79504.","121.61","USD","true","false","[{""url"":""https://res.cloudinary.com/dqcb3hmi3/image/upload/v1785424306/ifedel/products/G79504/ddveqxpzhxu6e27t8tpo.jpg"",""isPrimary"":true,""sortOrder"":0},{""url"":""https://res.cloudinary.com/dqcb3hmi3/image/upload/v1785424311/ifedel/products/G79504/xanvmx2kfcgl593acdv0.jpg"",""isPrimary"":false,""sortOrder"":1}]","[{""label"":""Código"",""value"":""G79504"",""sortOrder"":1},{""label"":""Marca"",""value"":""Gallagher"",""sortOrder"":2},{""label"":""Modelo"",""value"":""25"",""sortOrder"":3},{""label"":""Categoría"",""value"":""Electrificación Accesorios"",""sortOrder"":4}]","[{""priceList"":""minorista"",""currency"":""USD"",""netPrice"":158.09,""taxRate"":21}]","[]"
"G79553","Gallagher Tensor con aislador Pack 20 unidades","GALLAGHER","Electrificación Accesorios","Tensor en línea con aislador incorporado - Pack 20 unidades","Tensor Gallagher en línea con aislador blanco integrado, que combina en una sola pieza el aislamiento y el tensado del alambre, evitando el uso de un aislador separado. Apto para alambre de alta resistencia (high tensile), de púa y tejido. Marco de acero galvanizado resistente al óxido con carretel cónico de aluminio fundido para facilitar el inicio y la alineación del alambre; el gancho (cliplock) permite tensar y liberar con un accionar suave tipo click en cualquier posición. Requiere manija tensora (no incluida). Presentación en pack de 20 unidades. Código/SKU: G79553.","118.5","USD","true","false","[{""url"":""https://res.cloudinary.com/dqcb3hmi3/image/upload/v1785424830/ifedel/products/G79553/eult4lp6aeaczphvgdef.jpg"",""isPrimary"":true,""sortOrder"":0},{""url"":""https://res.cloudinary.com/dqcb3hmi3/image/upload/v1785424834/ifedel/products/G79553/mo6ilsf6y8qalde6wnp5.jpg"",""isPrimary"":false,""sortOrder"":1},{""url"":""https://res.cloudinary.com/dqcb3hmi3/image/upload/v1785424838/ifedel/products/G79553/zjuthz74oqseq5jp8ulr.jpg"",""isPrimary"":false,""sortOrder"":2}]","[{""label"":""Código"",""value"":""G79553"",""sortOrder"":1},{""label"":""Marca"",""value"":""Gallagher"",""sortOrder"":2},{""label"":""Categoría"",""value"":""Electrificación Accesorios"",""sortOrder"":3},{""label"":""Contenido"",""value"":""20 unidades"",""sortOrder"":4},{""label"":""Compatibilidad"",""value"":""Alambre de alta resistencia, púa y tejido"",""sortOrder"":5},{""label"":""Material"",""value"":""Acero galvanizado con aislador de policarbonato"",""sortOrder"":6}]","[{""priceList"":""minorista"",""currency"":""USD"",""netPrice"":154.05,""taxRate"":21}]","[]"
"G81710","Gallagher Varilla Fibra de vidrio 10x1500 mm Blanca Pk50","GALLAGHER","Electrificación Accesorios","Accesorio para cerco eléctrico Gallagher","Gallagher Varilla Fibra de vidrio 10x1500 mm Blanca Pk50. Accesorio para cerco eléctrico diseñado para una instalación prolija y durable. Contribuye a la correcta conducción, sujeción o conexión según el componente, manteniendo la eficiencia del sistema. Código/SKU: G81710.","219.78","USD","true","false","[{""url"":""https://res.cloudinary.com/dqcb3hmi3/image/upload/v1785425141/ifedel/products/G81710/ra5ldrec4lqa5c5x3tcr.jpg"",""isPrimary"":true,""sortOrder"":0}]","[{""label"":""Código"",""value"":""G81710"",""sortOrder"":1},{""label"":""Marca"",""value"":""Gallagher"",""sortOrder"":2},{""label"":""Categoría"",""value"":""Electrificación Accesorios"",""sortOrder"":3}]","[{""priceList"":""minorista"",""currency"":""USD"",""netPrice"":285.71,""taxRate"":21}]","[]"
"G83005","Gallagher Clip para varilla fibra de vidrio PK 50","GALLAGHER","Electrificación Accesorios","Clip para varilla de fibra de vidrio 10mm - Pack 50 unidades","Clip Gallagher para la fijación segura del alambre a varillas u ofsets de fibra de vidrio de 10mm de diámetro. Práctico para el armado y mantenimiento de cercos eléctricos permanentes con este tipo de poste. Presentación en pack de 50 unidades. Código/SKU: G83005.","17.09","USD","true","false","[{""url"":""https://res.cloudinary.com/dqcb3hmi3/image/upload/v1785425180/ifedel/products/G83005/pjixcdiugzifhht5oyam.jpg"",""isPrimary"":true,""sortOrder"":0}]","[{""label"":""Código"",""value"":""G83005"",""sortOrder"":1},{""label"":""Marca"",""value"":""Gallagher"",""sortOrder"":2},{""label"":""Categoría"",""value"":""Electrificación Accesorios"",""sortOrder"":3},{""label"":""Compatibilidad"",""value"":""Varillas de fibra de vidrio 10mm"",""sortOrder"":4},{""label"":""Contenido"",""value"":""50 unidades"",""sortOrder"":5}]","[{""priceList"":""minorista"",""currency"":""USD"",""netPrice"":21.36,""taxRate"":21}]","[]"
"G87601","Gallagher Abrazadera para barra a tierra galvanizada Pack 3 unidades","GALLAGHER","Electrificación Accesorios","Accesorio para cerco eléctrico Gallagher","Gallagher Abrazadera para barra a tierra galvanizada Pack 3 unidades. Accesorio para cerco eléctrico diseñado para una instalación prolija y durable. Contribuye a la correcta conducción, sujeción o conexión según el componente, manteniendo la eficiencia del sistema. Código/SKU: G87601.","24.06","USD","true","false","[{""url"":""https://res.cloudinary.com/dqcb3hmi3/image/upload/v1785425216/ifedel/products/G87601/uh819esgowujcgmydhai.jpg"",""isPrimary"":true,""sortOrder"":0}]","[{""label"":""Código"",""value"":""G87601"",""sortOrder"":1},{""label"":""Marca"",""value"":""Gallagher"",""sortOrder"":2},{""label"":""Categoría"",""value"":""Electrificación Accesorios"",""sortOrder"":3}]","[{""priceList"":""minorista"",""currency"":""USD"",""netPrice"":31.28,""taxRate"":21}]","[]"
"G89117","Gallagher Gripper Cordón Bungy","GALLAGHER","Electrificación Accesorios","Accesorio para cerco eléctrico Gallagher","Gallagher Gripper Cordón Bungy. Accesorio para cerco eléctrico diseñado para una instalación prolija y durable. Contribuye a la correcta conducción, sujeción o conexión según el componente, manteniendo la eficiencia del sistema. Código/SKU: G89117.","13.38","USD","true","false","[{""url"":""https://res.cloudinary.com/dqcb3hmi3/image/upload/v1785797254/ifedel/products/G89117/jzjnok8qwqpdds6qedew.webp"",""isPrimary"":true,""sortOrder"":0}]","[{""label"":""Código"",""value"":""G89117"",""sortOrder"":1},{""label"":""Marca"",""value"":""Gallagher"",""sortOrder"":2},{""label"":""Categoría"",""value"":""Electrificación Accesorios"",""sortOrder"":3}]","[{""priceList"":""minorista"",""currency"":""USD"",""netPrice"":17.39,""taxRate"":21}]","[]"
"G90402","Gallagher Red para ovejas y Gallinas","GALLAGHER","Electrificación Accesorios","Accesorio para cerco eléctrico Gallagher","Gallagher Red para ovejas y Gallinas. Accesorio para cerco eléctrico diseñado para una instalación prolija y durable. Contribuye a la correcta conducción, sujeción o conexión según el componente, manteniendo la eficiencia del sistema. Código/SKU: G90402.","393.02","USD","true","false","[{""url"":""https://res.cloudinary.com/dqcb3hmi3/image/upload/v1785422455/ifedel/products/G90402/yuswxpqckirtdic0vbu9.jpg"",""isPrimary"":true,""sortOrder"":0}]","[{""label"":""Código"",""value"":""G90402"",""sortOrder"":1},{""label"":""Marca"",""value"":""Gallagher"",""sortOrder"":2},{""label"":""Categoría"",""value"":""Electrificación Accesorios"",""sortOrder"":3}]","[{""priceList"":""minorista"",""currency"":""USD"",""netPrice"":510.93,""taxRate"":21}]","[]"
"G95000","Gallagher Medidor satelital de niveles de tanques AGBOT","GALLAGHER","Agua","Medidor satelital de niveles de tanques Gallagher AGBOT","Sistema de monitoreo satelital de nivel de líquidos Gallagher (powered by Gasbot), que envía datos del tanque directamente al celular sin necesidad de cobertura celular o WiFi. Se conecta a un satélite en órbita hasta 4 veces al día y sube la información a la nube, permitiendo configurar alertas personalizadas por bajo o alto nivel. Además de agua, puede usarse en tanques de diesel, combustible, fertilizante líquido, represas y bebederos. Dispositivo totalmente impermeable, apto para operar entre -40°C y 80°C. Incluye suscripción del primer año. Código/SKU: G95000.","698.42","USD","true","false","[{""url"":""https://res.cloudinary.com/dqcb3hmi3/image/upload/v1785425279/ifedel/products/G95000/uysx5i3jo85yekeoceic.jpg"",""isPrimary"":true,""sortOrder"":0},{""url"":""https://res.cloudinary.com/dqcb3hmi3/image/upload/v1785425282/ifedel/products/G95000/bwzmpssof0qb1hppsauf.jpg"",""isPrimary"":false,""sortOrder"":1}]","[{""label"":""Código"",""value"":""G95000"",""sortOrder"":1},{""label"":""Marca"",""value"":""Gallagher"",""sortOrder"":2},{""label"":""Categoría"",""value"":""Agua"",""sortOrder"":3},{""label"":""Conectividad"",""value"":""Satelital (sin necesidad de celular o WiFi)"",""sortOrder"":4},{""label"":""Lecturas"",""value"":""Hasta 4 por día"",""sortOrder"":5},{""label"":""Rango de temperatura"",""value"":""-40°C a 80°C"",""sortOrder"":6},{""label"":""Suscripción"",""value"":""Primer año incluido"",""sortOrder"":7}]","[{""priceList"":""minorista"",""currency"":""USD"",""netPrice"":907.94,""taxRate"":21}]","[]"
"G98133","Gallagher Unidad de tanque de inicio (Kit Inicial con monitor y Sensor)","GALLAGHER","Agua","Kit inicial de monitoreo de tanque con monitor y sensor","Sistema Gallagher de monitoreo inalámbrico de nivel de agua para un tanque, compuesto por un sensor de nivel que mide el líquido por presión, una unidad de tanque que transmite los datos de forma inalámbrica, y un monitor (display de escritorio) que muestra el nivel restante. Se conecta a la app Gallagher Water para ver el consumo, los niveles históricos y recibir notificaciones en el celular; permite además sumar un controlador de bomba inalámbrico (no incluido) para automatizar el llenado. Código/SKU: G98133.","454.25","USD","true","false","[{""url"":""https://res.cloudinary.com/dqcb3hmi3/image/upload/v1785425310/ifedel/products/G98133/amtsogosnzxkzhffpwnb.jpg"",""isPrimary"":true,""sortOrder"":0},{""url"":""https://res.cloudinary.com/dqcb3hmi3/image/upload/v1785425314/ifedel/products/G98133/zlukrifthjeyzebrlvax.jpg"",""isPrimary"":false,""sortOrder"":1}]","[{""label"":""Código"",""value"":""G98133"",""sortOrder"":1},{""label"":""Marca"",""value"":""Gallagher"",""sortOrder"":2},{""label"":""Categoría"",""value"":""Agua"",""sortOrder"":3},{""label"":""Incluye"",""value"":""Sensor de nivel, unidad de tanque y monitor de escritorio"",""sortOrder"":4},{""label"":""Capacidad"",""value"":""1 tanque (expandible con unidades adicionales)"",""sortOrder"":5}]","[{""priceList"":""minorista"",""currency"":""USD"",""netPrice"":590.53,""taxRate"":21}]","[]"
"G98233","Gallagher Unidad de tanque 4M Sensor","GALLAGHER","Agua","Unidad de tanque adicional con sensor de nivel 4m","Kit de expansión Gallagher para sumar un tanque adicional al sistema de monitoreo inalámbrico de agua. Incluye una unidad de tanque, que transmite los datos al monitor central, y un sensor de nivel de 4 metros de cable que mide el líquido por presión. Hasta 8 unidades de tanque adicionales pueden conectarse a un mismo monitor. Código/SKU: G98233.","345.63","USD","true","false","[{""url"":""https://res.cloudinary.com/dqcb3hmi3/image/upload/v1785425465/ifedel/products/G98233/g8dfrgnkb22otdpnpxyr.jpg"",""isPrimary"":true,""sortOrder"":0},{""url"":""https://res.cloudinary.com/dqcb3hmi3/image/upload/v1785425469/ifedel/products/G98233/k3ke3xztqlrnioxf3tt6.jpg"",""isPrimary"":false,""sortOrder"":1}]","[{""label"":""Código"",""value"":""G98233"",""sortOrder"":1},{""label"":""Marca"",""value"":""Gallagher"",""sortOrder"":2},{""label"":""Categoría"",""value"":""Agua"",""sortOrder"":3},{""label"":""Longitud del sensor"",""value"":""4 m"",""sortOrder"":4},{""label"":""Requiere"",""value"":""Kit inicial con monitor (G98133 u otro)"",""sortOrder"":5}]","[{""priceList"":""minorista"",""currency"":""USD"",""netPrice"":449.31,""taxRate"":21}]","[]"
"G98311","Gallagher controlador de bomba","GALLAGHER","Agua","Controlador de bomba inalámbrico Gallagher","Controlador de bomba inalámbrico Gallagher que permite mantener automática o manualmente el nivel deseado del tanque, utilizando las lecturas de nivel transmitidas por el sistema de monitoreo de agua. El estado de la bomba se visualiza y controla desde el display de pared o de escritorio. Incluye antena multidireccional estándar, función de parada automática ante consumo anormal y configuración de tiempo máximo de funcionamiento. Código/SKU: G98311.","355.5","USD","true","false","[{""url"":""https://res.cloudinary.com/dqcb3hmi3/image/upload/v1785797034/ifedel/products/G98311/ctkvqkmaqigg33hl8rbp.webp"",""isPrimary"":true,""sortOrder"":0}]","[{""label"":""Código"",""value"":""G98311"",""sortOrder"":1},{""label"":""Marca"",""value"":""Gallagher"",""sortOrder"":2},{""label"":""Categoría"",""value"":""Agua"",""sortOrder"":3},{""label"":""Alimentación"",""value"":""Red eléctrica (mains)"",""sortOrder"":4},{""label"":""Incluye"",""value"":""Antena multidireccional estándar"",""sortOrder"":5}]","[{""priceList"":""minorista"",""currency"":""USD"",""netPrice"":462.15,""taxRate"":21}]","[]"
"G98506","Gallagher Antena Multidireccional 10 km","GALLAGHER","Agua","Antena externa multidireccional de alta potencia (hasta 10km)","Antena externa multidireccional de alta potencia Gallagher para instalaciones que requieren máximo alcance y recepción desde múltiples ubicaciones de tanques, en el sistema de monitoreo inalámbrico de agua. Diseño de larga vida resistente a la intemperie, incluye soportes y herrajes de montaje. Mide 1100mm de largo y requiere cable de extensión de 4m (G98604) o 10m (G98605). Código/SKU: G98506.","246.88","USD","true","false","[{""url"":""https://res.cloudinary.com/dqcb3hmi3/image/upload/v1785425505/ifedel/products/G98506/gsk8wzurfy9xznrj4vde.jpg"",""isPrimary"":true,""sortOrder"":0}]","[{""label"":""Código"",""value"":""G98506"",""sortOrder"":1},{""label"":""Marca"",""value"":""Gallagher"",""sortOrder"":2},{""label"":""Categoría"",""value"":""Agua"",""sortOrder"":3},{""label"":""Alcance"",""value"":""Hasta 10 km"",""sortOrder"":4},{""label"":""Longitud"",""value"":""1100 mm"",""sortOrder"":5},{""label"":""Tipo"",""value"":""Multidireccional"",""sortOrder"":6}]","[{""priceList"":""minorista"",""currency"":""USD"",""netPrice"":320.94,""taxRate"":21}]","[]"
"G98603","Gallagher cable 10 mts (unidireccional)","GALLAGHER","Agua","Cable de extensión 10m para antena direccional","Cable de extensión de 10 metros para las antenas direccionales de largo y ultra largo alcance Gallagher, utilizado en el sistema de monitoreo inalámbrico de agua para aumentar el rango de comunicación hasta 10km. Código/SKU: G98603.","127.68","USD","true","false","[{""url"":""https://res.cloudinary.com/dqcb3hmi3/image/upload/v1785796778/ifedel/products/G98603/dcgj5pskmpnpqectdj3d.webp"",""isPrimary"":true,""sortOrder"":0}]","[{""label"":""Código"",""value"":""G98603"",""sortOrder"":1},{""label"":""Marca"",""value"":""Gallagher"",""sortOrder"":2},{""label"":""Categoría"",""value"":""Agua"",""sortOrder"":3},{""label"":""Longitud"",""value"":""10 m"",""sortOrder"":4},{""label"":""Tipo"",""value"":""Direccional (unidireccional)"",""sortOrder"":5}]","[{""priceList"":""minorista"",""currency"":""USD"",""netPrice"":165.98,""taxRate"":21}]","[]"
"G98605","Gallagher cable 10 mts (multidireccional)","GALLAGHER","Agua","Cable de extensión 10m para antena multidireccional","Cable de extensión de 10 metros para la antena externa multidireccional de alta potencia Gallagher (G98506), utilizado en el sistema de monitoreo inalámbrico de agua. Conectores dorados SMA macho a N hembra. Código/SKU: G98605.","125.68","USD","true","false","[{""url"":""https://res.cloudinary.com/dqcb3hmi3/image/upload/v1785425529/ifedel/products/G98605/arrppr3cluota2tr1sbo.jpg"",""isPrimary"":true,""sortOrder"":0}]","[{""label"":""Código"",""value"":""G98605"",""sortOrder"":1},{""label"":""Marca"",""value"":""Gallagher"",""sortOrder"":2},{""label"":""Categoría"",""value"":""Agua"",""sortOrder"":3},{""label"":""Longitud"",""value"":""10 m"",""sortOrder"":4},{""label"":""Tipo"",""value"":""Multidireccional"",""sortOrder"":5},{""label"":""Compatibilidad"",""value"":""Antena G98506"",""sortOrder"":6}]","[{""priceList"":""minorista"",""currency"":""USD"",""netPrice"":163.38,""taxRate"":21}]","[]"
"G99901","Gallagher Water Flow indicator 32mm","GALLAGHER","Agua","Indicador de flujo de agua Gallagher 32mm","Indicador visual de flujo de agua Gallagher para instalar en línea en cañerías de 32mm (1 1/4""), que permite comprobar de un vistazo si el agua está circulando y detectar más rápido pérdidas, fallas de bomba o válvulas cerradas. Rotor de doble color que muestra dirección y velocidad del flujo, con unión desmontable para facilitar la limpieza de suciedad o algas. Compatible con conexiones estándar de cañería, resistencia de hasta 16 bar y materiales protegidos contra rayos UV. Código/SKU: G99901.","62.22","USD","true","false","[{""url"":""https://res.cloudinary.com/dqcb3hmi3/image/upload/v1785425554/ifedel/products/G99901/il9kq5shzytq8pcsw5uj.jpg"",""isPrimary"":true,""sortOrder"":0},{""url"":""https://res.cloudinary.com/dqcb3hmi3/image/upload/v1785425558/ifedel/products/G99901/jnzxosvxsqvspsvevl0z.jpg"",""isPrimary"":false,""sortOrder"":1},{""url"":""https://res.cloudinary.com/dqcb3hmi3/image/upload/v1785425561/ifedel/products/G99901/s05twsm7xfwqnqanioop.jpg"",""isPrimary"":false,""sortOrder"":2}]","[{""label"":""Código"",""value"":""G99901"",""sortOrder"":1},{""label"":""Marca"",""value"":""Gallagher"",""sortOrder"":2},{""label"":""Categoría"",""value"":""Agua"",""sortOrder"":3},{""label"":""Diámetro"",""value"":""32 mm (1 1/4\"")"",""sortOrder"":4},{""label"":""Presión máxima"",""value"":""16 bar"",""sortOrder"":5}]","[{""priceList"":""minorista"",""currency"":""USD"",""netPrice"":77.77,""taxRate"":21}]","[]"
"G99902","Gallagher Water Flow indicator 50mm","GALLAGHER","Agua","Indicador de flujo de agua Gallagher 50mm","Indicador visual de flujo de agua Gallagher para instalar en línea en cañerías de 50mm (2""), que permite comprobar de un vistazo si el agua está circulando y detectar más rápido pérdidas, fallas de bomba o válvulas cerradas. Rotor de doble color que muestra dirección y velocidad del flujo, con unión desmontable para facilitar la limpieza de suciedad o algas. Compatible con conexiones estándar de cañería, resistencia de hasta 16 bar y materiales protegidos contra rayos UV. Código/SKU: G99902.","72.81","USD","true","false","[{""url"":""https://res.cloudinary.com/dqcb3hmi3/image/upload/v1785425589/ifedel/products/G99902/tnqkgfwjofyhzmpuhqmp.jpg"",""isPrimary"":true,""sortOrder"":0},{""url"":""https://res.cloudinary.com/dqcb3hmi3/image/upload/v1785425593/ifedel/products/G99902/rdjakwjxfsspjksgiivl.jpg"",""isPrimary"":false,""sortOrder"":1}]","[{""label"":""Código"",""value"":""G99902"",""sortOrder"":1},{""label"":""Marca"",""value"":""Gallagher"",""sortOrder"":2},{""label"":""Categoría"",""value"":""Agua"",""sortOrder"":3},{""label"":""Diámetro"",""value"":""50 mm (2\"")"",""sortOrder"":4},{""label"":""Presión máxima"",""value"":""16 bar"",""sortOrder"":5}]","[{""priceList"":""minorista"",""currency"":""USD"",""netPrice"":91.02,""taxRate"":21}]","[]"
"GA87900","Jabalina de puesta a tierra 2 metros (Galvanizada)","Tmc.Agro","Postes y Varillas","Jabalina de puesta a tierra galvanizada de 2 metros","Jabalina galvanizada de 2 metros para el sistema de puesta a tierra del cerco eléctrico. Un sistema de tierra eficiente es el eslabón fundamental para que el pulso eléctrico retorne al equipo cuando el animal toca el alambre, garantizando un choque disuasorio efectivo. Esta longitud es ideal para asegurar una conexión profunda y confiable con el suelo, crítica para electrificadores de media y alta potencia. Código/SKU: GA87900.","21.73","USD","true","false","[]","[{""label"":""Código"",""value"":""GA87900"",""sortOrder"":1},{""label"":""Marca"",""value"":""TMC.agro"",""sortOrder"":2},{""label"":""Categoría"",""value"":""Electrificación Energizadores"",""sortOrder"":3},{""label"":""Longitud"",""value"":""2 m"",""sortOrder"":4},{""label"":""Material"",""value"":""Acero galvanizado"",""sortOrder"":5}]","[{""priceList"":""minorista"",""currency"":""USD"",""netPrice"":28.24,""taxRate"":21}]","[]"
"GA87901","Jabalina de puesta a tierra 0,5 metros (Galvanizada)","Tmc.Agro","Postes y Varillas","Jabalina de puesta a tierra galvanizada de 0,5 metros","Jabalina galvanizada de 0,5 metros para el sistema de puesta a tierra del cerco eléctrico. Se utiliza como parte de un conjunto de jabalinas conectadas entre sí para mejorar la conductividad del sistema de tierra, especialmente útil en suelos de difícil penetración. Código/SKU: GA87901.","14.81","USD","true","false","[]","[{""label"":""Código"",""value"":""GA87901"",""sortOrder"":1},{""label"":""Marca"",""value"":""TMC.agro"",""sortOrder"":2},{""label"":""Categoría"",""value"":""Electrificación Energizadores"",""sortOrder"":3},{""label"":""Longitud"",""value"":""0,5 m"",""sortOrder"":4},{""label"":""Material"",""value"":""Acero galvanizado"",""sortOrder"":5}]","[{""priceList"":""minorista"",""currency"":""USD"",""netPrice"":19.26,""taxRate"":21}]","[]"
"GA87902","Jabalina de puesta a tierra 1 metro (Galvanizada)","Tmc.Agro","Postes y Varillas","Jabalina de puesta a tierra galvanizada de 1 metro","Jabalina galvanizada de 1 metro para el sistema de puesta a tierra del cerco eléctrico. Un sistema de tierra eficiente permite que el pulso eléctrico retorne al equipo cuando el animal toca el alambre, garantizando un choque disuasorio efectivo. Apta para instalaciones de energizadores de menor potencia o como complemento de otras jabalinas en el sistema de tierra. Código/SKU: GA87902.","18.76","USD","true","false","[]","[{""label"":""Código"",""value"":""GA87902"",""sortOrder"":1},{""label"":""Marca"",""value"":""TMC.agro"",""sortOrder"":2},{""label"":""Categoría"",""value"":""Electrificación Energizadores"",""sortOrder"":3},{""label"":""Longitud"",""value"":""1 m"",""sortOrder"":4},{""label"":""Material"",""value"":""Acero galvanizado"",""sortOrder"":5}]","[{""priceList"":""minorista"",""currency"":""USD"",""netPrice"":24.39,""taxRate"":21}]","[]"
"GPL-BB","Gripple GP Large","GRIPPLE","Gripple","Gripple GP Large - unión/tensor de alambre","Unión y tensor de alambre Gripple GP Large, utilizado como conector en línea o como anclaje de extremo en cercos de alambre liso de mayor calibre. Apto para alambre de 3,25 a 4,20mm, con carga de trabajo de hasta 600kg. Se usa junto con la herramienta Torq para tensar. Código/SKU: GPL-BB.","1.35","USD","true","false","[{""url"":""https://res.cloudinary.com/dqcb3hmi3/image/upload/v1785426435/ifedel/products/GPL-BB/wcfh8r1kzrpid8scvsim.jpg"",""isPrimary"":true,""sortOrder"":0},{""url"":""https://res.cloudinary.com/dqcb3hmi3/image/upload/v1785426440/ifedel/products/GPL-BB/pb6g0absf2riu9ybgwcq.jpg"",""isPrimary"":false,""sortOrder"":1},{""url"":""https://res.cloudinary.com/dqcb3hmi3/image/upload/v1785426444/ifedel/products/GPL-BB/pdsezdw6kotd80jdwozj.jpg"",""isPrimary"":false,""sortOrder"":2}]","[{""label"":""Código"",""value"":""GPL-BB"",""sortOrder"":1},{""label"":""Marca"",""value"":""Gripple"",""sortOrder"":2},{""label"":""Categoría"",""value"":""Gripple"",""sortOrder"":3},{""label"":""Tamaño"",""value"":""Large"",""sortOrder"":4},{""label"":""Alambre compatible"",""value"":""3,25 - 4,20 mm"",""sortOrder"":5},{""label"":""Carga máxima"",""value"":""600 kg"",""sortOrder"":6}]","[{""priceList"":""minorista"",""currency"":""USD"",""netPrice"":1.76,""taxRate"":21}]","[]"
"GPM-BB","Gripple, GP Medium (Por unidad- 20 unidades minimo)","GRIPPLE","Gripple","Gripple GP Medium - unión/tensor de alambre (por unidad, mínimo 20)","Unión y tensor de alambre Gripple GP Medium, utilizado como conector en línea o como anclaje de extremo en cercos de alambre liso o de alta resistencia (incluye alambre de púa 1,7/2,0mm). Apto para alambre de 2,00 a 3,25mm, con carga de trabajo de hasta 400kg. Se usa junto con la herramienta Torq para tensar. Venta por unidad, pedido mínimo de 20 unidades. Código/SKU: GPM-BB.","0.9","USD","true","false","[{""url"":""https://res.cloudinary.com/dqcb3hmi3/image/upload/v1785426401/ifedel/products/GPM-BB/oidiydemrdqiuqbrqzmg.jpg"",""isPrimary"":true,""sortOrder"":0},{""url"":""https://res.cloudinary.com/dqcb3hmi3/image/upload/v1785426405/ifedel/products/GPM-BB/zzanvtomlff202qbccv4.jpg"",""isPrimary"":false,""sortOrder"":1},{""url"":""https://res.cloudinary.com/dqcb3hmi3/image/upload/v1785426408/ifedel/products/GPM-BB/g1hbgqvlhjzv6uww6sli.jpg"",""isPrimary"":false,""sortOrder"":2}]","[{""label"":""Código"",""value"":""GPM-BB"",""sortOrder"":1},{""label"":""Marca"",""value"":""Gripple"",""sortOrder"":2},{""label"":""Categoría"",""value"":""Gripple"",""sortOrder"":3},{""label"":""Tamaño"",""value"":""Medium"",""sortOrder"":4},{""label"":""Alambre compatible"",""value"":""2,00 - 3,25 mm"",""sortOrder"":5},{""label"":""Carga máxima"",""value"":""400 kg"",""sortOrder"":6},{""label"":""Venta"",""value"":""Por unidad, mínimo 20"",""sortOrder"":7}]","[{""priceList"":""minorista"",""currency"":""USD"",""netPrice"":1.17,""taxRate"":21}]","[]"
"GPS300BB","Gripple, GP Small (Por unidad - mínimo 20)","GRIPPLE","Gripple","Gripple GP Small - unión/tensor de alambre (por unidad, mínimo 20)","Unión y tensor de alambre Gripple GP Small, el sistema original que reemplaza el anudado tradicional en la reparación e instalación de cercos de alambre liso o mallas livianas. Apto para alambre de 1,40 a 2,20mm, con carga de trabajo de hasta 300kg. Se usa junto con la herramienta Torq para tensar. Venta por unidad, pedido mínimo de 20 unidades. Código/SKU: GPS300BB.","0.84","USD","true","false","[{""url"":""https://res.cloudinary.com/dqcb3hmi3/image/upload/v1785426367/ifedel/products/GPS300BB/ppldwnpk6n5gzkgrfew6.jpg"",""isPrimary"":true,""sortOrder"":0},{""url"":""https://res.cloudinary.com/dqcb3hmi3/image/upload/v1785426372/ifedel/products/GPS300BB/xuts7itkvmqisqvxjyze.jpg"",""isPrimary"":false,""sortOrder"":1}]","[{""label"":""Código"",""value"":""GPS300BB"",""sortOrder"":1},{""label"":""Marca"",""value"":""Gripple"",""sortOrder"":2},{""label"":""Categoría"",""value"":""Gripple"",""sortOrder"":3},{""label"":""Tamaño"",""value"":""Small"",""sortOrder"":4},{""label"":""Alambre compatible"",""value"":""1,40 - 2,20 mm"",""sortOrder"":5},{""label"":""Carga máxima"",""value"":""300 kg"",""sortOrder"":6},{""label"":""Venta"",""value"":""Por unidad, mínimo 20"",""sortOrder"":7}]","[{""priceList"":""minorista"",""currency"":""USD"",""netPrice"":1.09,""taxRate"":21}]","[]"
"GR0013","Gripple, GP Plus Setting Key","GRIPPLE","Gripple","Gripple GP Plus llave de ajuste (Setting Key)","Llave de ajuste Gripple GP Plus, utilizada para liberar la presión de una unión Gripple cuando fue empujada demasiado sobre el alambre, permitiendo reposicionarla correctamente antes de tensar. Código/SKU: GR0013.","2.96","USD","true","false","[{""url"":""https://res.cloudinary.com/dqcb3hmi3/image/upload/v1785426553/ifedel/products/GR0013/qyv0r509dcb3c5sdu2kg.jpg"",""isPrimary"":true,""sortOrder"":0}]","[{""label"":""Código"",""value"":""GR0013"",""sortOrder"":1},{""label"":""Marca"",""value"":""Gripple"",""sortOrder"":2},{""label"":""Categoría"",""value"":""Gripple"",""sortOrder"":3}]","[{""priceList"":""minorista"",""currency"":""USD"",""netPrice"":3.85,""taxRate"":21}]","[]"
"H701-647","Frasco de aceite a gotas 100 ml","HEINIGER","Peines y cortantes","Frasco de aceite a gotas 100ml Heiniger","Aceite lubricante Heiniger en frasco dosificador a gotas de 100ml, para la lubricación de peines y cuchillas de esquiladoras y peladoras, reduciendo el desgaste y el riesgo de oxidación. Código/SKU: H701-647.","6.91","USD","true","false","[{""url"":""https://res.cloudinary.com/dqcb3hmi3/image/upload/v1785430457/ifedel/products/H701-647/kndavcifvgymfmrhfamz.jpg"",""isPrimary"":true,""sortOrder"":0}]","[{""label"":""Código"",""value"":""H701-647"",""sortOrder"":1},{""label"":""Marca"",""value"":""Heiniger"",""sortOrder"":2},{""label"":""Categoría"",""value"":""Peines y cortantes"",""sortOrder"":3},{""label"":""Contenido"",""value"":""100 ml"",""sortOrder"":4}]","[{""priceList"":""minorista"",""currency"":""USD"",""netPrice"":8.99,""taxRate"":21}]","[]"
"H703-520","21/23 juego de peines","HEINIGER","Peines y cortantes","Juego de peines 21/23 para peladora de ganado y caballos","Juego de peines (peine + cuchilla) Heiniger 21/23, compatible con las peladoras Heiniger Xplorer, Xplorer Pro, Xperience y Handy. Peine grueso todo terreno para ganado, indicado para pelo sucio o enredado. Profundidad de corte 2-4mm. Código/SKU: H703-520.","35.55","USD","true","false","[{""url"":""https://res.cloudinary.com/dqcb3hmi3/image/upload/v1785426897/ifedel/products/H703-520/wonbvrytwcntdc6266kb.jpg"",""isPrimary"":true,""sortOrder"":0}]","[{""label"":""Código"",""value"":""H703-520"",""sortOrder"":1},{""label"":""Marca"",""value"":""Heiniger"",""sortOrder"":2},{""label"":""Categoría"",""value"":""Peines y cortantes"",""sortOrder"":3},{""label"":""Combinación"",""value"":""21/23"",""sortOrder"":4},{""label"":""Compatibilidad"",""value"":""Peladoras Xplorer/XplorerPro/Xperience/Handy"",""sortOrder"":5}]","[{""priceList"":""minorista"",""currency"":""USD"",""netPrice"":46.22,""taxRate"":21}]","[]"
"H703-530","31/15 juego de peines","HEINIGER","Peines y cortantes","Juego de peines 31/15 para peladora de ganado y caballos","Juego de peines (peine + cuchilla) Heiniger 31/15, compatible con las peladoras Heiniger Xplorer, Xplorer Pro, Xperience y Handy. Peine estándar para un acabado prolijo en ganado y caballos, ideal para exposición. Profundidad de corte 2-4mm. Código/SKU: H703-530.","35.55","USD","true","false","[{""url"":""https://res.cloudinary.com/dqcb3hmi3/image/upload/v1785426928/ifedel/products/H703-530/jyfoc70rkzbceb42nv76.jpg"",""isPrimary"":true,""sortOrder"":0}]","[{""label"":""Código"",""value"":""H703-530"",""sortOrder"":1},{""label"":""Marca"",""value"":""Heiniger"",""sortOrder"":2},{""label"":""Categoría"",""value"":""Peines y cortantes"",""sortOrder"":3},{""label"":""Combinación"",""value"":""31/15"",""sortOrder"":4},{""label"":""Compatibilidad"",""value"":""Peladoras Xplorer/XplorerPro/Xperience/Handy"",""sortOrder"":5}]","[{""priceList"":""minorista"",""currency"":""USD"",""netPrice"":46.22,""taxRate"":21}]","[]"
"H703-550","31/23 juego de peines","HEINIGER","Peines y cortantes","Juego de peines 31/23 para peladora de ganado y caballos","Juego de peines (peine + cuchilla) Heiniger 31/23, compatible con las peladoras Heiniger Xplorer, Xplorer Pro, Xperience y Handy. Peine de profundidad media para ganado y caballos. Deja el pelo listo para exposición o uso diario en el campo. Código/SKU: H703-550.","35.55","USD","true","false","[{""url"":""https://res.cloudinary.com/dqcb3hmi3/image/upload/v1785426952/ifedel/products/H703-550/rdwlt2jlzrmfvgwv7pla.jpg"",""isPrimary"":true,""sortOrder"":0}]","[{""label"":""Código"",""value"":""H703-550"",""sortOrder"":1},{""label"":""Marca"",""value"":""Heiniger"",""sortOrder"":2},{""label"":""Categoría"",""value"":""Peines y cortantes"",""sortOrder"":3},{""label"":""Combinación"",""value"":""31/23"",""sortOrder"":4},{""label"":""Compatibilidad"",""value"":""Peladoras Xplorer/XplorerPro/Xperience/Handy"",""sortOrder"":5}]","[{""priceList"":""minorista"",""currency"":""USD"",""netPrice"":46.22,""taxRate"":21}]","[]"
"H703-670","53/23 juego de peines","HEINIGER","Peines y cortantes","Juego de peines 53/23 para peladora de ganado y caballos","Juego de peines (peine + cuchilla) Heiniger 53/23, compatible con las peladoras Heiniger Xplorer, Xplorer Pro, Xperience y Handy. Peine de uso quirúrgico/veterinario, deja un largo de pelo muy corto de aproximadamente 1mm. Código/SKU: H703-670.","60.24","USD","true","false","[{""url"":""https://res.cloudinary.com/dqcb3hmi3/image/upload/v1785426977/ifedel/products/H703-670/adyws6wpy00gye5ihg99.jpg"",""isPrimary"":true,""sortOrder"":0}]","[{""label"":""Código"",""value"":""H703-670"",""sortOrder"":1},{""label"":""Marca"",""value"":""Heiniger"",""sortOrder"":2},{""label"":""Categoría"",""value"":""Peines y cortantes"",""sortOrder"":3},{""label"":""Combinación"",""value"":""53/23"",""sortOrder"":4},{""label"":""Compatibilidad"",""value"":""Peladoras Xplorer/XplorerPro/Xperience/Handy"",""sortOrder"":5}]","[{""priceList"":""minorista"",""currency"":""USD"",""netPrice"":78.31,""taxRate"":21}]","[]"
"H703-690","18/23 juego de peines","HEINIGER","Peines y cortantes","Juego de peines 18/23 para peladora de ganado y caballos","Juego de peines (peine + cuchilla) Heiniger 18/23, compatible con las peladoras Heiniger Xplorer, Xplorer Pro, Xperience y Handy. Peine resistente para pelar pelajes muy sucios o enredados en ganado, de mayor separación entre dientes. Código/SKU: H703-690.","35.55","USD","true","false","[{""url"":""https://res.cloudinary.com/dqcb3hmi3/image/upload/v1785427001/ifedel/products/H703-690/rmxs889dtpmxigdqnbky.jpg"",""isPrimary"":true,""sortOrder"":0}]","[{""label"":""Código"",""value"":""H703-690"",""sortOrder"":1},{""label"":""Marca"",""value"":""Heiniger"",""sortOrder"":2},{""label"":""Categoría"",""value"":""Peines y cortantes"",""sortOrder"":3},{""label"":""Combinación"",""value"":""18/23"",""sortOrder"":4},{""label"":""Compatibilidad"",""value"":""Peladoras Xplorer/XplorerPro/Xperience/Handy"",""sortOrder"":5}]","[{""priceList"":""minorista"",""currency"":""USD"",""netPrice"":46.22,""taxRate"":21}]","[]"
"H703-700","18/15 juego de peines","HEINIGER","Peines y cortantes","Juego de peines 18/15 para peladora de ganado y caballos","Juego de peines (peine + cuchilla) Heiniger 18/15, compatible con las peladoras Heiniger Xplorer, Xplorer Pro, Xperience y Handy. Peine para razas de pelo grueso, largo o enrulado, apto también para pelajes muy sucios. Código/SKU: H703-700.","35.55","USD","true","false","[{""url"":""https://res.cloudinary.com/dqcb3hmi3/image/upload/v1785427022/ifedel/products/H703-700/ybnlt7qrm6xqjzbfcchz.jpg"",""isPrimary"":true,""sortOrder"":0}]","[{""label"":""Código"",""value"":""H703-700"",""sortOrder"":1},{""label"":""Marca"",""value"":""Heiniger"",""sortOrder"":2},{""label"":""Categoría"",""value"":""Peines y cortantes"",""sortOrder"":3},{""label"":""Combinación"",""value"":""18/15"",""sortOrder"":4},{""label"":""Compatibilidad"",""value"":""Peladoras Xplorer/XplorerPro/Xperience/Handy"",""sortOrder"":5}]","[{""priceList"":""minorista"",""currency"":""USD"",""netPrice"":46.22,""taxRate"":21}]","[]"
"H708-028 30","Xperience 2-Speed peladora ganado y caballo 21/23 juego de peines","HEINIGER","Peladoras y Esquiladoras","Xperience peladora 2 velocidades para ganado y caballo, juego de peines 21/23","Peladora Heiniger Xperience de 2 velocidades, para ganado y caballos, con motor potente y diseño robusto apto para uso todo el día. Incluye juego de peines 21/23. Código/SKU: H708-028 30.","508.56","USD","true","false","[{""url"":""https://res.cloudinary.com/dqcb3hmi3/image/upload/v1785430525/ifedel/products/H708-028%2030/kxkzlylflbielzqsjvp7.jpg"",""isPrimary"":true,""sortOrder"":0},{""url"":""https://res.cloudinary.com/dqcb3hmi3/image/upload/v1785430530/ifedel/products/H708-028%2030/oeej2oowr7fu6azfysrh.jpg"",""isPrimary"":false,""sortOrder"":1},{""url"":""https://res.cloudinary.com/dqcb3hmi3/image/upload/v1785430534/ifedel/products/H708-028%2030/vqrhp3xagfle0dg8xn3o.jpg"",""isPrimary"":false,""sortOrder"":2}]","[{""label"":""Código"",""value"":""H708-028 30"",""sortOrder"":1},{""label"":""Marca"",""value"":""Heiniger"",""sortOrder"":2},{""label"":""Categoría"",""value"":""Peladoras y Esquiladoras"",""sortOrder"":3},{""label"":""Velocidades"",""value"":""2"",""sortOrder"":4},{""label"":""Juego de peines incluido"",""value"":""21/23"",""sortOrder"":5}]","[{""priceList"":""minorista"",""currency"":""USD"",""netPrice"":661.13,""taxRate"":10.5}]","[]"
"H708-408.30A2","Xplorer peladora ganado y caballo 21/23 juego de peines y 2 bats","HEINIGER","Peladoras y Esquiladoras","Xplorer peladora a batería para ganado y caballo, peines 21/23, 2 baterías","Peladora Heiniger Xplorer, inalámbrica con tecnología de batería Li-Ion, para el pelado y acicalado de ganado, caballos y animales de exposición. Incluye juego de peines 21/23 y 2 baterías. Código/SKU: H708-408.30A2.","691.25","USD","true","false","[{""url"":""https://res.cloudinary.com/dqcb3hmi3/image/upload/v1785430565/ifedel/products/H708-408.30A2/d0cc5gdy2fch6ej3nfyu.jpg"",""isPrimary"":true,""sortOrder"":0},{""url"":""https://res.cloudinary.com/dqcb3hmi3/image/upload/v1785430569/ifedel/products/H708-408.30A2/pfkgtdy7nebyvx2ct494.jpg"",""isPrimary"":false,""sortOrder"":1},{""url"":""https://res.cloudinary.com/dqcb3hmi3/image/upload/v1785430573/ifedel/products/H708-408.30A2/pjtfggzgidu4ksaegcxc.jpg"",""isPrimary"":false,""sortOrder"":2}]","[{""label"":""Código"",""value"":""H708-408.30A2"",""sortOrder"":1},{""label"":""Marca"",""value"":""Heiniger"",""sortOrder"":2},{""label"":""Categoría"",""value"":""Peladoras y Esquiladoras"",""sortOrder"":3},{""label"":""Alimentación"",""value"":""Batería Li-Ion (inalámbrica)"",""sortOrder"":4},{""label"":""Juego de peines incluido"",""value"":""21/23"",""sortOrder"":5},{""label"":""Baterías incluidas"",""value"":""2"",""sortOrder"":6}]","[{""priceList"":""minorista"",""currency"":""USD"",""netPrice"":898.63,""taxRate"":10.5}]","[]"
"H712-100 00","S12 esquiladora acumulador 12V/160W ovejas con Ovina/Edge peines","HEINIGER","Peladoras y Esquiladoras","S12 esquiladora a batería 12V/160W con peines Ovina/Edge","Esquiladora Heiniger S12, alimentada por batería recargable 12V/160W, indicada para esquila de ovinos. Incluye peine Ovina Premium y cuchilla Edge. Máquina liviana y potente para uso en corral o a campo sin necesidad de conexión a red eléctrica. Código/SKU: H712-100 00.","587.56","USD","true","false","[{""url"":""https://res.cloudinary.com/dqcb3hmi3/image/upload/v1785430490/ifedel/products/H712-100%2000/ln3bzpnatrtm1u4nbewn.jpg"",""isPrimary"":true,""sortOrder"":0},{""url"":""https://res.cloudinary.com/dqcb3hmi3/image/upload/v1785430493/ifedel/products/H712-100%2000/dk4t8zk4togesq14wn8c.jpg"",""isPrimary"":false,""sortOrder"":1},{""url"":""https://res.cloudinary.com/dqcb3hmi3/image/upload/v1785430497/ifedel/products/H712-100%2000/ggc2pdn7rzw4ls2ftqok.jpg"",""isPrimary"":false,""sortOrder"":2}]","[{""label"":""Código"",""value"":""H712-100 00"",""sortOrder"":1},{""label"":""Marca"",""value"":""Heiniger"",""sortOrder"":2},{""label"":""Categoría"",""value"":""Peladoras y Esquiladoras"",""sortOrder"":3},{""label"":""Alimentación"",""value"":""Batería 12V / 160W"",""sortOrder"":4},{""label"":""Incluye"",""value"":""Peine Ovina Premium y cuchilla Edge"",""sortOrder"":5}]","[{""priceList"":""minorista"",""currency"":""USD"",""netPrice"":763.83,""taxRate"":10.5}]","[]"
"H712-608 00","Xtra esquiladora 230V/320W con Ovina Premium/Edge peines","HEINIGER","Peladoras y Esquiladoras","Xtra esquiladora 230V/320W con peines Ovina Premium/Edge","Esquiladora Heiniger Xtra, alimentada por red eléctrica 230V/320W, de diseño sólido y robusto para esquila de alto rendimiento. Incluye peine Ovina Premium y cuchilla Edge. Sistema de horquilla flotante que distribuye la presión de forma pareja, prolongando la vida útil del peine y la cuchilla. Código/SKU: H712-608 00.","696.19","USD","true","false","[{""url"":""https://res.cloudinary.com/dqcb3hmi3/image/upload/v1785430681/ifedel/products/H712-608%2000/r9oxdc6r9fabobt3fb4x.jpg"",""isPrimary"":true,""sortOrder"":0},{""url"":""https://res.cloudinary.com/dqcb3hmi3/image/upload/v1785430686/ifedel/products/H712-608%2000/wo1eld6cvbvybaqfnmr3.jpg"",""isPrimary"":false,""sortOrder"":1}]","[{""label"":""Código"",""value"":""H712-608 00"",""sortOrder"":1},{""label"":""Marca"",""value"":""Heiniger"",""sortOrder"":2},{""label"":""Categoría"",""value"":""Peladoras y Esquiladoras"",""sortOrder"":3},{""label"":""Alimentación"",""value"":""Red eléctrica 230V / 320W"",""sortOrder"":4},{""label"":""Incluye"",""value"":""Peine Ovina Premium y cuchilla Edge"",""sortOrder"":5}]","[{""priceList"":""minorista"",""currency"":""USD"",""netPrice"":905.04,""taxRate"":10.5}]","[]"
"H714-010 B","JET Cuchilla - Cabezal Esquiladora","HEINIGER","Peines y cortantes","JET cuchilla - Cabezal Esquiladora","Cuchilla (cortante) Heiniger JET para cabezal de esquiladora, apta para dagging, pelado de vientre o esquila liviana. Compatible con cabezales de esquila de 3"" (S12/Xtra y equivalentes). Código/SKU: H714-010 B.","7.9","USD","true","false","[{""url"":""https://res.cloudinary.com/dqcb3hmi3/image/upload/v1785428366/ifedel/products/H714-010%20B/karahc0zzkt3xwy8shxj.jpg"",""isPrimary"":true,""sortOrder"":0}]","[{""label"":""Código"",""value"":""H714-010 B"",""sortOrder"":1},{""label"":""Marca"",""value"":""Heiniger"",""sortOrder"":2},{""label"":""Categoría"",""value"":""Peines y cortantes"",""sortOrder"":3},{""label"":""Tipo"",""value"":""Cuchilla para cabezal esquiladora"",""sortOrder"":4}]","[{""priceList"":""minorista"",""currency"":""USD"",""netPrice"":10.27,""taxRate"":21}]","[]"
"H714-090 A","Shattle Peine Ganado Cabezal Esquiladora","HEINIGER","Peines y cortantes","Shattle peine para ganado - Cabezal Esquiladora","Peine Heiniger Shattle para esquila/pelado de ganado, con cuchilla de 4 puntas y bisel corto, apto para uso general en cabezal de esquiladora de 3"". Código/SKU: H714-090 A.","33.58","USD","true","false","[{""url"":""https://res.cloudinary.com/dqcb3hmi3/image/upload/v1785430343/ifedel/products/H714-090%20A/se7mftmzydyyvkdnepcx.jpg"",""isPrimary"":true,""sortOrder"":0}]","[{""label"":""Código"",""value"":""H714-090 A"",""sortOrder"":1},{""label"":""Marca"",""value"":""Heiniger"",""sortOrder"":2},{""label"":""Categoría"",""value"":""Peines y cortantes"",""sortOrder"":3},{""label"":""Tipo"",""value"":""Peine para cabezal esquiladora - ganado"",""sortOrder"":4}]","[{""priceList"":""minorista"",""currency"":""USD"",""netPrice"":43.65,""taxRate"":21}]","[]"
"H714-117 A","Ovina Premium peine 77 mm - Cabezal Esquiladora","HEINIGER","Peines y cortantes","Ovina Premium peine 77mm - Cabezal Esquiladora","Peine Heiniger Ovina Premium, de 77mm, para esquila de ovinos con cabezal de esquiladora de 3"" (S12/Xtra y equivalentes). Código/SKU: H714-117 A.","27.65","USD","true","false","[{""url"":""https://res.cloudinary.com/dqcb3hmi3/image/upload/v1785430390/ifedel/products/H714-117%20A/wozkafetea70sknjrxzl.jpg"",""isPrimary"":true,""sortOrder"":0}]","[{""label"":""Código"",""value"":""H714-117 A"",""sortOrder"":1},{""label"":""Marca"",""value"":""Heiniger"",""sortOrder"":2},{""label"":""Categoría"",""value"":""Peines y cortantes"",""sortOrder"":3},{""label"":""Ancho"",""value"":""77 mm"",""sortOrder"":4},{""label"":""Tipo"",""value"":""Peine para cabezal esquiladora - ovinos"",""sortOrder"":5}]","[{""priceList"":""minorista"",""currency"":""USD"",""netPrice"":35.95,""taxRate"":21}]","[]"
"H714-151 A","Edge cuchilla - Cabezal Esquiladora","HEINIGER","Peines y cortantes","Edge cuchilla - Cabezal Esquiladora","Cuchilla (cortante) Heiniger Edge para cabezal de esquiladora, de alto rendimiento y buena duración de filo, compatible con cabezales de esquila de 3"" (S12/Xtra y equivalentes). Código/SKU: H714-151 A.","7.9","USD","true","false","[{""url"":""https://res.cloudinary.com/dqcb3hmi3/image/upload/v1785430429/ifedel/products/H714-151%20A/idtdm44c77lmzzqjxevn.jpg"",""isPrimary"":true,""sortOrder"":0}]","[{""label"":""Código"",""value"":""H714-151 A"",""sortOrder"":1},{""label"":""Marca"",""value"":""Heiniger"",""sortOrder"":2},{""label"":""Categoría"",""value"":""Peines y cortantes"",""sortOrder"":3},{""label"":""Tipo"",""value"":""Cuchilla para cabezal esquiladora"",""sortOrder"":4}]","[{""priceList"":""minorista"",""currency"":""USD"",""netPrice"":10.27,""taxRate"":21}]","[]"
"HANSEN01","Valvula Hansen","HANSEN","Agua","Válvula flotante Hansen para bebedero/tanque","Válvula flotante Hansen (Nueva Zelanda) para el llenado automático y control del nivel de agua en bebederos, tanques y aguadas. Opera en un amplio rango de presión (aprox. 0,2 a 12 bar), con diseño de mini-cuerpo para instalación sencilla en entrada superior, lateral o inferior. No pude confirmar en la web oficial cuál es la variante exacta de la línea Hansen (Max-Flo, Fast-Flo, etc.) que corresponde a este código puntual, así que la descripción se mantiene general sobre la línea de válvulas flotantes Hansen. Código/SKU: HANSEN01.","138.25","USD","true","false","[{""url"":""https://res.cloudinary.com/dqcb3hmi3/image/upload/v1785797731/ifedel/products/HANSEN01/nf28u8fseedup8m4iiyn.webp"",""isPrimary"":true,""sortOrder"":0}]","[{""label"":""Código"",""value"":""HANSEN01"",""sortOrder"":1},{""label"":""Marca"",""value"":""Hansen"",""sortOrder"":2},{""label"":""Categoría"",""value"":""Agua"",""sortOrder"":3}]","[{""priceList"":""minorista"",""currency"":""USD"",""netPrice"":179.73,""taxRate"":21}]","[]"
"HT-BRB-BB","Gripple para alambre de púas","GRIPPLE","Gripple","Gripple para alambre de púas","Unión y tensor de alambre Gripple diseñado específicamente para adaptarse a la forma ondulada característica del alambre de púa, facilitando su reparación y tensado sin necesidad de anudar. Código/SKU: HT-BRB-BB.","1.35","USD","true","false","[]","[{""label"":""Código"",""value"":""HT-BRB-BB"",""sortOrder"":1},{""label"":""Marca"",""value"":""Gripple"",""sortOrder"":2},{""label"":""Categoría"",""value"":""Gripple"",""sortOrder"":3},{""label"":""Compatibilidad"",""value"":""Alambre de púa"",""sortOrder"":4}]","[{""priceList"":""minorista"",""currency"":""USD"",""netPrice"":1.76,""taxRate"":21}]","[]"
"HVFB","Herramienta clavadora de varillas de fibra de vidrio","Tmc.Agro","Electrificación Accesorios","Accesorio para cerco eléctrico Tmc.Agro","Herramienta clavadora de varillas de fibra de vidrio. Accesorio para cerco eléctrico diseñado para una instalación prolija y durable. Contribuye a la correcta conducción, sujeción o conexión según el componente, manteniendo la eficiencia del sistema. Código/SKU: HVFB.","14.81","USD","true","false","[{""url"":""https://res.cloudinary.com/dqcb3hmi3/image/upload/v1785797427/ifedel/products/HVFB/k7qijckpevsnljiv1anq.png"",""isPrimary"":true,""sortOrder"":0}]","[{""label"":""Código"",""value"":""HVFB"",""sortOrder"":1},{""label"":""Marca"",""value"":""Tmc.Agro"",""sortOrder"":2},{""label"":""Categoría"",""value"":""Electrificación Accesorios"",""sortOrder"":3}]","[{""priceList"":""minorista"",""currency"":""USD"",""netPrice"":19.26,""taxRate"":21}]","[]"
"KS100","KIT SOLAR Panel 100W + regulador 20A pwm y soporte aluminio","Tmc.Agro","Electrificación Energizadores","Kit solar 100W con regulador 20A PWM y soporte de aluminio","Solución solar completa y autónoma para alimentar energizadores de cerco eléctrico u otros equipos de bajo consumo en campo. Incluye panel solar de 100W, regulador de carga PWM de 20A y soporte de aluminio para el montaje. Garantiza el suministro de energía en ubicaciones sin acceso a red eléctrica. Código/SKU: KS100.","246.88","USD","true","false","[]","[{""label"":""Código"",""value"":""KS100"",""sortOrder"":1},{""label"":""Marca"",""value"":""TMC.agro"",""sortOrder"":2},{""label"":""Categoría"",""value"":""Electrificación Energizadores"",""sortOrder"":3},{""label"":""Potencia panel"",""value"":""100 W"",""sortOrder"":4},{""label"":""Regulador"",""value"":""PWM 20A"",""sortOrder"":5},{""label"":""Incluye"",""value"":""Panel solar, regulador y soporte de aluminio"",""sortOrder"":6}]","[{""priceList"":""minorista"",""currency"":""USD"",""netPrice"":320.94,""taxRate"":10.5}]","[]"
"KS180","KIT SOLAR Panel 180W + regulador 20A pwm y soporte aluminio","Tmc.Agro","Electrificación Energizadores","Kit solar 180W con regulador 20A PWM y soporte de aluminio","Solución solar completa y autónoma para alimentar energizadores de cerco eléctrico u otros equipos de mayor consumo en campo. Incluye panel solar de 180W, regulador de carga PWM de 20A y soporte de aluminio para el montaje. Garantiza el suministro de energía en ubicaciones sin acceso a red eléctrica. Código/SKU: KS180.","345.63","USD","true","false","[]","[{""label"":""Código"",""value"":""KS180"",""sortOrder"":1},{""label"":""Marca"",""value"":""TMC.agro"",""sortOrder"":2},{""label"":""Categoría"",""value"":""Electrificación Energizadores"",""sortOrder"":3},{""label"":""Potencia panel"",""value"":""180 W"",""sortOrder"":4},{""label"":""Regulador"",""value"":""PWM 20A"",""sortOrder"":5},{""label"":""Incluye"",""value"":""Panel solar, regulador y soporte de aluminio"",""sortOrder"":6}]","[{""priceList"":""minorista"",""currency"":""USD"",""netPrice"":449.31,""taxRate"":10.5}]","[]"
"KS280","KIT SOLAR Panel 280W + regulador 40A pwm y soporte aluminio","Tmc.Agro","Electrificación Energizadores","Kit solar 280W con regulador 40A PWM y soporte de aluminio","Solución solar completa y autónoma para alimentar energizadores de cerco eléctrico de mayor potencia u otros equipos en campo. Incluye panel solar de 280W, regulador de carga PWM de 40A y soporte de aluminio para el montaje. Garantiza el suministro de energía en ubicaciones sin acceso a red eléctrica. Código/SKU: KS280.","395","USD","true","false","[]","[{""label"":""Código"",""value"":""KS280"",""sortOrder"":1},{""label"":""Marca"",""value"":""TMC.agro"",""sortOrder"":2},{""label"":""Categoría"",""value"":""Electrificación Energizadores"",""sortOrder"":3},{""label"":""Potencia panel"",""value"":""280 W"",""sortOrder"":4},{""label"":""Regulador"",""value"":""PWM 40A"",""sortOrder"":5},{""label"":""Incluye"",""value"":""Panel solar, regulador y soporte de aluminio"",""sortOrder"":6}]","[{""priceList"":""minorista"",""currency"":""USD"",""netPrice"":513.5,""taxRate"":10.5}]","[]"
"PG100","LiliPRO Torno","LiliPro","Peines y cortantes","LiliPRO PG100 - torno de uñas profesional para mascotas","Torno (lima/afiladora) de uñas eléctrico LiliPRO PG100 para perros y gatos, de uso profesional. Inalámbrico y recargable, con 2 velocidades ajustables y luz LED que ilumina la uña para evitar cortar de más y prevenir lesiones. Motor silencioso y de baja vibración para reducir el estrés de la mascota durante el recorte. Batería recargable con carga rápida por USB tipo C. Código/SKU: PG100.","25.68","USD","true","false","[{""url"":""https://res.cloudinary.com/dqcb3hmi3/image/upload/v1785431672/ifedel/products/PG100/w3hnfazgtd0ouwzyavqm.jpg"",""isPrimary"":true,""sortOrder"":0},{""url"":""https://res.cloudinary.com/dqcb3hmi3/image/upload/v1785431675/ifedel/products/PG100/onh7m0hisfnqepmenoiz.jpg"",""isPrimary"":false,""sortOrder"":1}]","[{""label"":""Código"",""value"":""PG100"",""sortOrder"":1},{""label"":""Marca"",""value"":""LiliPro"",""sortOrder"":2},{""label"":""Tipo"",""value"":""Torno/lima de uñas para mascotas"",""sortOrder"":3},{""label"":""Velocidades"",""value"":""2 (ajustables)"",""sortOrder"":4},{""label"":""Alimentación"",""value"":""Batería recargable, carga USB-C"",""sortOrder"":5},{""label"":""Iluminación"",""value"":""Luz LED guía"",""sortOrder"":6}]","[{""priceList"":""minorista"",""currency"":""USD"",""netPrice"":33.38,""taxRate"":21}]","[]"
"PGR00006","Gripple, T Clip","GRIPPLE","Gripple","Gripple T Clip","Clip en T Gripple, utilizado para asegurar mallas tejidas (woven wire) en postes de extremo sin necesidad de anudar o grapar el alambre. Código/SKU: PGR00006.","1.28","USD","true","false","[]","[{""label"":""Código"",""value"":""PGR00006"",""sortOrder"":1},{""label"":""Marca"",""value"":""Gripple"",""sortOrder"":2},{""label"":""Categoría"",""value"":""Gripple"",""sortOrder"":3}]","[{""priceList"":""minorista"",""currency"":""USD"",""netPrice"":1.67,""taxRate"":21}]","[]"
"PGR00008","Gripple, GP Anchor 4 con cable de 1 mt.","GRIPPLE","Gripple","Gripple GP Anchor 4 con cable de 1m","Kit de anclaje Gripple GP Anchor 4 con cable pre-armado de 1 metro, utilizado como punto de anclaje subterráneo para sistemas de arriostramiento (bracing) de postes en cercos y espalderas, apto para cargas mayores que el Anchor 3. Código/SKU: PGR00008.","10.86","USD","true","false","[{""url"":""https://res.cloudinary.com/dqcb3hmi3/image/upload/v1785426756/ifedel/products/PGR00008/eyaedaw9iufqft5appnm.jpg"",""isPrimary"":true,""sortOrder"":0}]","[{""label"":""Código"",""value"":""PGR00008"",""sortOrder"":1},{""label"":""Marca"",""value"":""Gripple"",""sortOrder"":2},{""label"":""Categoría"",""value"":""Gripple"",""sortOrder"":3},{""label"":""Modelo"",""value"":""Anchor 4"",""sortOrder"":4},{""label"":""Longitud de cable"",""value"":""1 m"",""sortOrder"":5}]","[{""priceList"":""minorista"",""currency"":""USD"",""netPrice"":14.12,""taxRate"":21}]","[]"
"PGR00015","Gripple, GP Anchor 4 con cable 1,5 mt.","GRIPPLE","Gripple","Gripple GP Anchor 4 con cable de 1,5m","Kit de anclaje Gripple GP Anchor 4 con cable pre-armado de 1,5 metros, utilizado como punto de anclaje subterráneo para sistemas de arriostramiento (bracing) de postes en cercos y espalderas, apto para cargas mayores que el Anchor 3. Código/SKU: PGR00015.","11.16","USD","true","false","[{""url"":""https://res.cloudinary.com/dqcb3hmi3/image/upload/v1785426854/ifedel/products/PGR00015/rdz60mszsmpgpoq4g2hn.jpg"",""isPrimary"":true,""sortOrder"":0}]","[{""label"":""Código"",""value"":""PGR00015"",""sortOrder"":1},{""label"":""Marca"",""value"":""Gripple"",""sortOrder"":2},{""label"":""Categoría"",""value"":""Gripple"",""sortOrder"":3},{""label"":""Modelo"",""value"":""Anchor 4"",""sortOrder"":4},{""label"":""Longitud de cable"",""value"":""1,5 m"",""sortOrder"":5}]","[{""priceList"":""minorista"",""currency"":""USD"",""netPrice"":14.51,""taxRate"":21}]","[]"
"PGR00020","Gripple, Post Petrol Driver","GRIPPLE","Gripple","Gripple Post Petrol Driver - clavadora a nafta para anclajes","Clavadora portátil a nafta (petrol driver) Gripple, de alta potencia, utilizada para instalar anclajes subterráneos Gripple y postes de espaldera de forma rápida y sin esfuerzo manual. Código/SKU: PGR00020.","1876.25","USD","true","false","[]","[{""label"":""Código"",""value"":""PGR00020"",""sortOrder"":1},{""label"":""Marca"",""value"":""Gripple"",""sortOrder"":2},{""label"":""Categoría"",""value"":""Gripple"",""sortOrder"":3},{""label"":""Alimentación"",""value"":""Motor a nafta"",""sortOrder"":4},{""label"":""Uso"",""value"":""Instalación de anclajes y postes"",""sortOrder"":5}]","[{""priceList"":""minorista"",""currency"":""USD"",""netPrice"":2439.13,""taxRate"":21}]","[]"
"PGR00031","Gripple, GP Anchor 3 con cable de 1,5 mt.","GRIPPLE","Gripple","Gripple GP Anchor 3 con cable de 1,5m","Kit de anclaje Gripple GP Anchor 3 con cable pre-armado de 1,5 metros, utilizado como punto de anclaje subterráneo para sistemas de arriostramiento (bracing) de postes en cercos y espalderas. Código/SKU: PGR00031.","6.72","USD","true","false","[{""url"":""https://res.cloudinary.com/dqcb3hmi3/image/upload/v1785426831/ifedel/products/PGR00031/kwdrgedhttlwn9mvpxdy.jpg"",""isPrimary"":true,""sortOrder"":0}]","[{""label"":""Código"",""value"":""PGR00031"",""sortOrder"":1},{""label"":""Marca"",""value"":""Gripple"",""sortOrder"":2},{""label"":""Categoría"",""value"":""Gripple"",""sortOrder"":3},{""label"":""Modelo"",""value"":""Anchor 3"",""sortOrder"":4},{""label"":""Longitud de cable"",""value"":""1,5 m"",""sortOrder"":5}]","[{""priceList"":""minorista"",""currency"":""USD"",""netPrice"":8.73,""taxRate"":21}]","[]"
"PGR00032","Gripple, A Pack 4","GRIPPLE","Gripple","Gripple A Pack 4 - kit de arriostramiento","Kit completo de arriostramiento (bracing) Gripple A Pack 4, listo para usar, que permite anclar y tensar un punto contra otro de forma rápida en postes de cerco o espaldera, para cargas mayores que el A Pack 3. Código/SKU: PGR00032.","18.99","USD","true","false","[{""url"":""https://res.cloudinary.com/dqcb3hmi3/image/upload/v1785426798/ifedel/products/PGR00032/ylys1tfpxheospnh1koj.jpg"",""isPrimary"":true,""sortOrder"":0},{""url"":""https://res.cloudinary.com/dqcb3hmi3/image/upload/v1785426802/ifedel/products/PGR00032/bnsm3rn0xamlatsbtr6u.png"",""isPrimary"":false,""sortOrder"":1},{""url"":""https://res.cloudinary.com/dqcb3hmi3/image/upload/v1785426806/ifedel/products/PGR00032/i3fhcksirn6heyrbuzym.png"",""isPrimary"":false,""sortOrder"":2}]","[{""label"":""Código"",""value"":""PGR00032"",""sortOrder"":1},{""label"":""Marca"",""value"":""Gripple"",""sortOrder"":2},{""label"":""Categoría"",""value"":""Gripple"",""sortOrder"":3},{""label"":""Modelo"",""value"":""A Pack 4"",""sortOrder"":4}]","[{""priceList"":""minorista"",""currency"":""USD"",""netPrice"":24.69,""taxRate"":21}]","[]"
"SA039","KIT Completo ""TRANQUERA MAXITAPE""  C/Cinta de 40mm x 5mts - Equinos","Speedrite","Electrificación Accesorios","Kit completo ""Tranquera Maxitape"" con cinta de 40mm x 5m - Equinos","Kit completo de tranquera Speedrite con cinta Maxitape de 40mm de ancho y 5 metros de longitud, especialmente diseñado para instalaciones de cercos eléctricos equinos, donde la cinta ancha ofrece mayor visibilidad y seguridad para los animales. Código/SKU: SA039.","26.78","USD","true","false","[]","[{""label"":""Código"",""value"":""SA039"",""sortOrder"":1},{""label"":""Marca"",""value"":""Speedrite"",""sortOrder"":2},{""label"":""Categoría"",""value"":""Electrificación Accesorios"",""sortOrder"":3},{""label"":""Ancho de cinta"",""value"":""40 mm"",""sortOrder"":4},{""label"":""Longitud de cinta"",""value"":""5 m"",""sortOrder"":5},{""label"":""Uso recomendado"",""value"":""Equinos"",""sortOrder"":6}]","[{""priceList"":""minorista"",""currency"":""USD"",""netPrice"":36.15,""taxRate"":21}]","[]"
"SG205","Gallagher Aislador separador largo- 26 cm ¨Pack 20 unidades","GALLAGHER","Electrificación Accesorios","Accesorio para cerco eléctrico Gallagher","Gallagher Aislador separador largo- 26 cm ¨Pack 20 unidades. Accesorio para cerco eléctrico diseñado para una instalación prolija y durable. Contribuye a la correcta conducción, sujeción o conexión según el componente, manteniendo la eficiencia del sistema. Código/SKU: SG205.","118.64","USD","true","false","[{""url"":""https://res.cloudinary.com/dqcb3hmi3/image/upload/v1785423313/ifedel/products/SG205/jopu1jc7zjcm8jhicanz.jpg"",""isPrimary"":true,""sortOrder"":0}]","[{""label"":""Código"",""value"":""SG205"",""sortOrder"":1},{""label"":""Marca"",""value"":""Gallagher"",""sortOrder"":2},{""label"":""Modelo"",""value"":""26"",""sortOrder"":3},{""label"":""Categoría"",""value"":""Electrificación Accesorios"",""sortOrder"":4}]","[{""priceList"":""minorista"",""currency"":""USD"",""netPrice"":148.3,""taxRate"":21}]","[]"
"SGND-ANC3-1M-BB","Gripple, GP Anchor 3 con cable de 1 mt.","GRIPPLE","Gripple","Gripple GP Anchor 3 con cable de 1m","Kit de anclaje Gripple GP Anchor 3 con cable pre-armado de 1 metro, utilizado como punto de anclaje subterráneo para sistemas de arriostramiento (bracing) de postes en cercos y espalderas. Código/SKU: SGND-ANC3-1M-BB.","5.53","USD","true","false","[{""url"":""https://res.cloudinary.com/dqcb3hmi3/image/upload/v1785426729/ifedel/products/SGND-ANC3-1M-BB/nadgz08zxrynwhuwzbjc.jpg"",""isPrimary"":true,""sortOrder"":0}]","[{""label"":""Código"",""value"":""SGND-ANC3-1M-BB"",""sortOrder"":1},{""label"":""Marca"",""value"":""Gripple"",""sortOrder"":2},{""label"":""Categoría"",""value"":""Gripple"",""sortOrder"":3},{""label"":""Modelo"",""value"":""Anchor 3"",""sortOrder"":4},{""label"":""Longitud de cable"",""value"":""1 m"",""sortOrder"":5}]","[{""priceList"":""minorista"",""currency"":""USD"",""netPrice"":7.19,""taxRate"":21}]","[]"
"Tec-001","JABALINA GALVANIZADA 2MTS","TecMetal","Postes y Varillas","Jabalina galvanizada 2 metros","Jabalina galvanizada Speedrite de 2 metros, para el sistema de puesta a tierra del cerco eléctrico, esencial para el correcto retorno del pulso eléctrico.","24.75","USD","true","false","[{""url"":""https://res.cloudinary.com/dqcb3hmi3/image/upload/v1785439703/ifedel/products/Tec-001/zchwzx7fnmqoygzplhjw.jpg"",""isPrimary"":true,""sortOrder"":0},{""url"":""https://res.cloudinary.com/dqcb3hmi3/image/upload/v1785439706/ifedel/products/Tec-001/gpktidsawz2efcrrqe3h.jpg"",""isPrimary"":false,""sortOrder"":1}]","[{""label"":""Código"",""value"":""880 0019-000"",""sortOrder"":1},{""label"":""Marca"",""value"":""Speedrite"",""sortOrder"":2},{""label"":""Categoría"",""value"":""Electrificación Accesorios"",""sortOrder"":3},{""label"":""Longitud"",""value"":""2 m"",""sortOrder"":4},{""label"":""Material"",""value"":""Acero galvanizado"",""sortOrder"":5}]","[{""priceList"":""minorista"",""currency"":""USD"",""netPrice"":33.41,""taxRate"":21}]","[]"
"Tec-002","Poste Z galvanizado 1.75 mts.","TecMetal","Postes y Varillas","Poste Z galvanizado 1,75m","Poste metálico galvanizado con perfil en Z, de 1,75 metros de longitud, utilizado como poste intermedio o de refuerzo en instalaciones de cerco eléctrico permanente. ","15784","ARS","true","false","[]","[{""label"":""Código interno"",""value"":""0001"",""sortOrder"":1},{""label"":""Marca"",""value"":""TecMetal"",""sortOrder"":2},{""label"":""Categoría"",""value"":""Electrificación Accesorios"",""sortOrder"":3},{""label"":""Longitud"",""value"":""1,75 m"",""sortOrder"":4},{""label"":""Material"",""value"":""Acero galvanizado, perfil Z"",""sortOrder"":5}]","[{""priceList"":""minorista"",""currency"":""ARS"",""netPrice"":21045,""taxRate"":21}]","[]"
"Tec-003","Poste Z galvanizado 2.20 mts. (solo por pedido)","TecMetal","Postes y Varillas","Poste Z galvanizado 2,20m (solo por pedido)","Poste metálico galvanizado con perfil en Z, de 2,20 metros de longitud, disponible solo por pedido especial. Utilizado como poste intermedio o de refuerzo en instalaciones de cerco eléctrico permanente de mayor altura. ","19549","ARS","true","false","[]","[{""label"":""Marca"",""value"":""TecMetal"",""sortOrder"":1},{""label"":""Categoría"",""value"":""Electrificación Accesorios"",""sortOrder"":2},{""label"":""Longitud"",""value"":""2,20 m"",""sortOrder"":3},{""label"":""Material"",""value"":""Acero galvanizado, perfil Z"",""sortOrder"":4},{""label"":""Disponibilidad"",""value"":""Solo por pedido"",""sortOrder"":5}]","[{""priceList"":""minorista"",""currency"":""ARS"",""netPrice"":26065,""taxRate"":21}]","[]"
"Tec-004","Poste Z galvanizado 1.50 mts. (chanchero/lanero)","TecMetal","Postes y Varillas","Poste Z galvanizado 1,50m (chanchero/lanero)","Poste metálico galvanizado con perfil en Z, de 1,50 metros de longitud, indicado para cercos eléctricos de menor altura destinados a la cría de cerdos (chanchero) u ovinos (lanero).planilla de origen.","12770","ARS","true","false","[]","[{""label"":""Marca"",""value"":""TecMetal"",""sortOrder"":1},{""label"":""Categoría"",""value"":""Electrificación Accesorios"",""sortOrder"":2},{""label"":""Longitud"",""value"":""1,50 m"",""sortOrder"":3},{""label"":""Material"",""value"":""Acero galvanizado, perfil Z"",""sortOrder"":4},{""label"":""Uso recomendado"",""value"":""Cerdos (chanchero) y ovinos (lanero)"",""sortOrder"":5}]","[{""priceList"":""minorista"",""currency"":""ARS"",""netPrice"":17027,""taxRate"":21}]","[]"
"Tec-005","Poste Z galvanizado para boyero 1.30 mts.","TecMetal","Postes y Varillas","Poste Z galvanizado para boyero 1,30m","Poste metálico galvanizado con perfil en Z, de 1,30 metros de longitud, diseñado para instalaciones de cerco eléctrico boyero (bovinos). ","7217","ARS","true","false","[]","[{""label"":""Marca"",""value"":""TecMetal"",""sortOrder"":1},{""label"":""Categoría"",""value"":""Electrificación Accesorios"",""sortOrder"":2},{""label"":""Longitud"",""value"":""1,30 m"",""sortOrder"":3},{""label"":""Material"",""value"":""Acero galvanizado, perfil Z"",""sortOrder"":4},{""label"":""Uso recomendado"",""value"":""Boyero (bovinos)"",""sortOrder"":5}]","[{""priceList"":""minorista"",""currency"":""ARS"",""netPrice"":9622,""taxRate"":21}]","[]"
"Tec-006","Varilla area plastica para electrico permanente","TecMetal","Postes y Varillas","Varilla área plástica para cerco eléctrico permanente","Varilla plástica TecMetal, de tipo área, diseñada para instalaciones de cerco eléctrico permanente, funcionando como poste liviano y resistente para tramos de subdivisión..","1091","ARS","true","false","[]","[{""label"":""Marca"",""value"":""TecMetal"",""sortOrder"":1},{""label"":""Categoría"",""value"":""Electrificación Accesorios"",""sortOrder"":2},{""label"":""Uso"",""value"":""Cerco eléctrico permanente"",""sortOrder"":3}]","[{""priceList"":""minorista"",""currency"":""ARS"",""netPrice"":1455,""taxRate"":21}]","[]"
"Tec-007","Varilla plastica (boyero)","TecMetal","Postes y Varillas","Varilla plástica (boyero)","Varilla plástica TecMetal para instalaciones de cerco eléctrico boyero (bovinos), utilizada como poste liviano para tramos temporarios o de subdivisión de potreros.","1736","ARS","true","false","[]","[{""label"":""Marca"",""value"":""TecMetal"",""sortOrder"":1},{""label"":""Categoría"",""value"":""Electrificación Accesorios"",""sortOrder"":2},{""label"":""Uso recomendado"",""value"":""Boyero (bovinos)"",""sortOrder"":3}]","[{""priceList"":""minorista"",""currency"":""ARS"",""netPrice"":2315,""taxRate"":21}]","[]"
"Tec-008","Varilla plastica Boyero ESTRIBO","TecMetal","Postes y Varillas","Varilla plástica Boyero con estribo","Varilla plástica TecMetal para cerco eléctrico boyero, con estribo (pisador) que facilita su clavado en el suelo durante la instalación.","3010","ARS","true","false","[]","[{""label"":""Marca"",""value"":""TecMetal"",""sortOrder"":1},{""label"":""Categoría"",""value"":""Electrificación Accesorios"",""sortOrder"":2},{""label"":""Uso recomendado"",""value"":""Boyero (bovinos)"",""sortOrder"":3},{""label"":""Característica"",""value"":""Con estribo para clavado"",""sortOrder"":4}]","[{""priceList"":""minorista"",""currency"":""ARS"",""netPrice"":4784,""taxRate"":21}]","[]"
"Tec-009","Instalador","TecMetal","Postes y Varillas","Instalador de postes TecMetal","Herramienta instaladora TecMetal, utilizada para clavar postes de cerco eléctrico en el suelo de forma más rápida y con menor esfuerzo físico que el clavado manual. ","73306","ARS","true","false","[{""url"":""https://res.cloudinary.com/dqcb3hmi3/image/upload/v1785439975/ifedel/products/Tec-009/tch5a9hafy6ox43sv2vt.jpg"",""isPrimary"":true,""sortOrder"":0}]","[{""label"":""Código interno"",""value"":""0004"",""sortOrder"":1},{""label"":""Marca"",""value"":""TecMetal"",""sortOrder"":2},{""label"":""Categoría"",""value"":""Electrificación Accesorios"",""sortOrder"":3},{""label"":""Función"",""value"":""Instalación de postes"",""sortOrder"":4}]","[{""priceList"":""minorista"",""currency"":""ARS"",""netPrice"":97741,""taxRate"":21}]","[]"
"Tec-010","Intalador para poste boyero","TecMetal","Postes y Varillas","Instalador para poste boyero","Herramienta instaladora TecMetal específica para el clavado de postes boyeros de cerco eléctrico. ","26603","ARS","true","false","[{""url"":""https://res.cloudinary.com/dqcb3hmi3/image/upload/v1786027810/ifedel/products/Tec-010/tsr3lqe18xstqgxmgr5h.jpg"",""isPrimary"":true,""sortOrder"":1}]","[{""label"":""Marca"",""value"":""TecMetal"",""sortOrder"":1},{""label"":""Categoría"",""value"":""Electrificación Accesorios"",""sortOrder"":2},{""label"":""Función"",""value"":""Instalación de postes boyeros"",""sortOrder"":3}]","[{""priceList"":""minorista"",""currency"":""ARS"",""netPrice"":35471,""taxRate"":21}]","[]"
"Tec-011","Sacaposte","TecMetal","Postes y Varillas","Sacaposte TecMetal","Herramienta sacaposte TecMetal, utilizada para extraer postes de cerco eléctrico del suelo sin dañarlos, facilitando el reacomodo o retiro de instalaciones.","40200","ARS","true","false","[{""url"":""https://res.cloudinary.com/dqcb3hmi3/image/upload/v1785440039/ifedel/products/Tec-011/jctm5k1adrpnztmxt0o1.jpg"",""isPrimary"":false,""sortOrder"":0},{""url"":""https://res.cloudinary.com/dqcb3hmi3/image/upload/v1785440045/ifedel/products/Tec-011/u3lynlnndatjdcw9co3w.jpg"",""isPrimary"":false,""sortOrder"":1}]","[{""label"":""Código interno"",""value"":""0005"",""sortOrder"":1},{""label"":""Marca"",""value"":""TecMetal"",""sortOrder"":2},{""label"":""Categoría"",""value"":""Electrificación Accesorios"",""sortOrder"":3},{""label"":""Función"",""value"":""Extracción de postes"",""sortOrder"":4}]","[{""priceList"":""minorista"",""currency"":""ARS"",""netPrice"":53600,""taxRate"":21}]","[]"
"Tec-012","Aisladores especifico","TecMetal","Electrificación Accesorios","Aislador específico TecMetal","CONFIRMAR","488","ARS","true","false","[{""url"":""https://res.cloudinary.com/dqcb3hmi3/image/upload/v1785439615/ifedel/products/Tec-012/ukfqdpeyv9e5nr2jx0z9.jpg"",""isPrimary"":true,""sortOrder"":0},{""url"":""https://res.cloudinary.com/dqcb3hmi3/image/upload/v1785439619/ifedel/products/Tec-012/wgdtn7aezs3dlddwdy4u.jpg"",""isPrimary"":false,""sortOrder"":1},{""url"":""https://res.cloudinary.com/dqcb3hmi3/image/upload/v1785439628/ifedel/products/Tec-012/nep8hk9vmbcgjzugjtxp.jpg"",""isPrimary"":false,""sortOrder"":2}]","[{""label"":""Código interno"",""value"":""0003"",""sortOrder"":1},{""label"":""Marca"",""value"":""TecMetal"",""sortOrder"":2},{""label"":""Categoría"",""value"":""Electrificación Accesorios"",""sortOrder"":3}]","[{""priceList"":""minorista"",""currency"":""ARS"",""netPrice"":650,""taxRate"":21}]","[]"
"TOOL-5","Gripple, Torq Tensioning Tool","GRIPPLE","Gripple","Gripple Torq Tensioning Tool","Herramienta manual Gripple Torq para tensar con precisión los uniones/tensores Gripple Plus en cercos de alambre y sistemas de espaldera. Mecanismo con engranajes que permite un tensado preciso y sin esfuerzo, sin necesidad de entrenamiento especializado. Código/SKU: TOOL-5.","88.88","USD","true","false","[]","[{""label"":""Código"",""value"":""TOOL-5"",""sortOrder"":1},{""label"":""Marca"",""value"":""Gripple"",""sortOrder"":2},{""label"":""Categoría"",""value"":""Gripple"",""sortOrder"":3},{""label"":""Uso"",""value"":""Tensado de uniones Gripple Plus"",""sortOrder"":4}]","[{""priceList"":""minorista"",""currency"":""USD"",""netPrice"":115.54,""taxRate"":21}]","[]"
"TOOL7","Gripple, Torq Tensioning Tool Profesional","GRIPPLE","Gripple","Gripple Torq Tensioning Tool Profesional","Herramienta de tensado Gripple Torq versión profesional para contratistas, robusta y de bajo esfuerzo, utilizada para tensar con precisión las uniones Gripple Plus en cercos de alambre y sistemas de espaldera de uso intensivo. Código/SKU: TOOL7.","148.13","USD","true","false","[]","[{""label"":""Código"",""value"":""TOOL7"",""sortOrder"":1},{""label"":""Marca"",""value"":""Gripple"",""sortOrder"":2},{""label"":""Categoría"",""value"":""Gripple"",""sortOrder"":3},{""label"":""Uso"",""value"":""Tensado profesional de uniones Gripple Plus"",""sortOrder"":4}]","[{""priceList"":""minorista"",""currency"":""USD"",""netPrice"":192.56,""taxRate"":21}]","[]"
"ZP-295","LiliPRO Trimmer ZP295","LiliPro","Peladoras y Esquiladoras","LiliPRO Trimmer ZP295 - peladora profesional inalámbrica","Peladora profesional inalámbrica LiliPRO ZP-295, indicada para peluquerías caninas y felinas. Motor potente con diseño cordless y 5 largos de corte ajustables. Cuenta con sistema de cuchillas de cerámica con recubrimiento de titanio, que garantiza un corte preciso, seguro y con menor desgaste, ideal para jornadas de trabajo intensivo. Batería recargable de 600mAh con carga por USB, que ofrece hasta 60 minutos de uso continuo sin cables. Regulación de longitud de corte de 0,8 a 2,0mm. Liviana, silenciosa y ergonómica, reduce el estrés en las mascotas. Código/SKU: ZP-295.","28","USD","true","false","[{""url"":""https://res.cloudinary.com/dqcb3hmi3/image/upload/v1785431636/ifedel/products/ZP-295/ikcsqhi1l8ansuwlxr1x.jpg"",""isPrimary"":true,""sortOrder"":0},{""url"":""https://res.cloudinary.com/dqcb3hmi3/image/upload/v1785431639/ifedel/products/ZP-295/uzvieyet8irodjq84wsf.jpg"",""isPrimary"":false,""sortOrder"":1},{""url"":""https://res.cloudinary.com/dqcb3hmi3/image/upload/v1785431643/ifedel/products/ZP-295/tjjuxbirvuvcpfhad2ic.jpg"",""isPrimary"":false,""sortOrder"":2}]","[{""label"":""Código"",""value"":""ZP-295"",""sortOrder"":1},{""label"":""Marca"",""value"":""LiliPro"",""sortOrder"":2},{""label"":""Alimentación"",""value"":""Batería recargable 600mAh, carga USB"",""sortOrder"":3},{""label"":""Autonomía"",""value"":""Hasta 60 minutos"",""sortOrder"":4},{""label"":""Largos de corte"",""value"":""0,8 - 2,0 mm (5 posiciones)"",""sortOrder"":5},{""label"":""Cuchillas"",""value"":""Cerámica con recubrimiento de titanio"",""sortOrder"":6}]","[{""priceList"":""minorista"",""currency"":""USD"",""netPrice"":36.4,""taxRate"":10.5}]","[]"